Trip ID,Departure Date,Departure Time,Arrival Time,Stops,Origin,Destination,trip_headsign
OCESN6165F3135546:2024-09-17T00:20:00Z,20240917,11:22:00,18:43:00,"[['Paris Gare de Lyon Hall 1 - 2', 0, 0, '11:22:00', 0], ['Avignon TGV', '14:51:00', 3000, '14:59:00', 3300], ['Toulon', '16:39:00', 5400, '16:43:00', 5400], ['Saint-Raphaël Valescure', '17:42:00', 6000, '17:45:00', 6000], ['Cannes', '18:10:00', 6000, '18:14:00', 6000], ['Antibes', '18:23:00', 6000, '18:26:00', 6000], ['Nice-Ville', '18:43:00', 6000, 0, 0]]",Paris Gare de Lyon Hall 1 - 2,Nice-Ville,6165.0
OCESN9879F3096403:2024-09-17T00:20:00Z,20240917,11:24:00,18:50:00,"[['Luxembourg', 0, 0, '11:24:00', 0], ['Thionville', '11:50:00', 300, '11:53:00', 300], ['Metz', '12:10:00', 300, '12:15:00', 300], ['Strasbourg', '13:02:00', 300, '13:06:00', 60], ['Mulhouse', '13:54:00', 0, '13:57:00', 0], ['Belfort - Montbéliard TGV', '14:18:00', 0, '14:21:00', 0], ['Besançon Franche-Comté TGV', '14:41:00', 0, '14:44:00', 0], ['Dijon', '15:11:00', 0, '15:21:00', 0], ['Mâcon', '16:18:00', 0, '16:21:00', 0], ['Lyon Part Dieu', '16:56:00', 0, '17:10:00', 0], ['Valence TGV Rhône-Alpes Sud', '17:46:00', 0, '17:51:00', 0], ['Nîmes Pont du Gard', '18:27:00', 0, '18:30:00', 0], ['Montpellier Sud de France', '18:50:00', 0, 0, 0]]",Luxembourg,Montpellier Sud de France,9879.0
OCESN6176F3137198:2024-09-17T00:20:00Z,20240917,12:03:00,18:30:00,"[['Nice-Ville', 0, 0, '12:03:00', 0], ['Antibes', '12:16:00', 0, '12:20:00', 0], ['Cannes', '12:30:00', 0, '12:34:00', 0], ['Saint-Raphaël Valescure', '12:55:00', 0, '13:03:00', 300], ['Toulon', '13:50:00', 300, '13:54:00', 300], ['Marseille Saint-Charles', '14:37:00', 300, '14:46:00', 0], ['Paris Gare de Lyon Hall 1 - 2', '18:30:00', 2400, 0, 0]]",Nice-Ville,Paris Gare de Lyon Hall 1 - 2,6176.0
OCESN9866F3266118:2024-09-17T00:20:00Z,20240917,12:14:00,17:48:00,"[['Marseille Saint-Charles', 0, 0, '12:14:00', 0], ['Aix-en-Provence TGV', '12:25:00', 0, '12:28:00', 0], ['Avignon TGV', '12:47:00', 0, '12:51:00', 0], ['Lyon Part Dieu', '13:53:00', 0, '14:00:00', 0], ['Marne-la-Vallée Chessy', '15:51:00', 300, '15:55:00', 300], ['Aéroport Charles de Gaulle 2 TGV', '16:05:00', 300, '16:12:00', 300], ['Lille Europe', '17:03:00', 300, '17:14:00', 300], ['Bruxelles Midi', '17:48:00', 300, 0, 0]]",Marseille Saint-Charles,Bruxelles Midi,9866.0
OCESN5537F3089837:2024-09-14T00:20:37Z,20240917,12:26:00,20:41:00,"[['Nancy', 0, 0, '12:26:00', 0], ['Strasbourg', '13:29:00', 0, '13:37:00', 0], ['Colmar', '14:05:00', 0, '14:08:00', 0], ['Mulhouse', '14:36:00', 0, '14:40:00', 0], ['Belfort - Montbéliard TGV', '15:02:00', 0, '15:06:00', 0], ['Besançon Franche-Comté TGV', '15:29:00', 0, '15:36:00', 0], ['Dijon', '16:04:00', 0, '16:20:00', 0], ['Beaune', '16:39:00', 0, '16:42:00', 0], ['Lyon Part Dieu', '17:56:00', 0, '18:06:00', 0], ['Avignon TGV', '19:08:00', 0, '19:11:00', 0], ['Aix-en-Provence TGV', '19:30:00', 0, '19:33:00', 0], ['Marseille Saint-Charles', '19:45:00', 0, '19:59:00', 0], ['Toulon', '20:41:00', 0, 0, 0]]",Nancy,Toulon,5537.0
OCESN7673F3365407:2024-07-06T00:31:25Z,20240917,12:37:00,17:42:00,"[['Paris Montparnasse Hall 1 - 2', 0, 0, '12:37:00', 0], ['Massy TGV', '12:46:00', 0, '12:49:00', 0], ['Angoulême', '14:29:00', 0, '14:32:00', 0], ['Bordeaux Saint-Jean', '15:08:00', 0, '15:19:00', 0], ['Agen', '16:22:00', 0, '16:25:00', 0], ['Montauban Ville Bourbon', '17:05:00', 0, '17:08:00', 0], ['Toulouse Matabiau', '17:42:00', 300, 0, 0]]",Paris Montparnasse Hall 1 - 2,Toulouse Matabiau,7673.0
OCESN8582F3169227:2024-09-16T00:23:36Z,20240917,12:38:00,17:49:00,"[['Tarbes', 0, 0, '12:38:00', 0], ['Lourdes', '12:52:00', 0, '13:02:00', 0], ['Pau', '13:27:00', 0, '13:35:00', 300], ['Orthez', '13:55:00', 300, '13:58:00', 300], ['Dax', '14:25:00', 300, '14:29:00', 0], ['Bordeaux Saint-Jean', '15:40:00', 0, '15:46:00', 0], ['Paris Montparnasse Hall 1 - 2', '17:49:00', 0, 0, 0]]",Tarbes,Paris Montparnasse Hall 1 - 2,8582.0
OCESN5306F3163473:2024-09-17T00:20:00Z,20240917,12:44:00,17:49:00,"[['Nantes', 0, 0, '12:44:00', 0], ['Angers Saint-Laud', '13:23:00', 0, '13:26:00', 0], ['Saumur', '13:46:00', 0, '13:49:00', 0], ['Saint-Pierre-des-Corps', '14:24:00', 0, '14:28:00', 0], ['Massy TGV', '15:18:00', 0, '15:26:00', 0], ['Lyon Part Dieu', '17:30:00', 0, '17:40:00', 0], ['Lyon Perrache', '17:49:00', 0, 0, 0]]",Nantes,Lyon Perrache,5306.0
OCESN6941F3132512:2024-09-17T00:20:00Z,20240917,12:46:00,17:42:00,"[['Paris Gare de Lyon Hall 1 - 2', 0, 0, '13:16:00', 1800], ['Mâcon - Loché TGV', '15:04:00', 2700, '15:07:00', 2700], ['Chambéry - Challes-les-Eaux', '16:35:00', 3600, '16:48:00', 3600], ['Aix-les-Bains le Revard', '16:58:00', 3600, '17:01:00', 3600], ['Annecy', '17:42:00', 4200, 0, 0]]",Paris Gare de Lyon Hall 1 - 2,Annecy,6941.0
OCESN5284F3159853:2024-05-29T00:26:54Z,20240917,12:58:00,17:58:00,"[['Bordeaux Saint-Jean', 0, 0, '12:58:00', 0], ['Angoulême', '13:34:00', 0, '13:37:00', 0], ['Poitiers', '14:21:00', 300, '14:24:00', 300], ['Saint-Pierre-des-Corps', '14:57:00', 300, '15:01:00', 300], ['Massy TGV', '15:47:00', 0, '15:55:00', 0], ['Marne-la-Vallée Chessy', '16:26:00', 0, '16:31:00', 0], ['Aéroport Charles de Gaulle 2 TGV', '16:41:00', 0, '16:47:00', 0], ['TGV Haute Picardie', '17:17:00', 0, '17:31:00', 0], ['Lille Europe', '17:58:00', 0, 0, 0]]",Bordeaux Saint-Jean,Lille Europe,5284.0
OCESN6258F3159998:2024-09-17T00:20:00Z,20240917,12:59:00,18:17:00,"[['Perpignan', 0, 0, '12:59:00', 0], ['Narbonne', '13:36:00', 0, '13:39:00', 0], ['Béziers', '13:52:00', 0, '14:00:00', 300], ['Agde', '14:12:00', 300, '14:15:00', 300], ['Sète', '14:28:00', 300, '14:31:00', 300], ['Montpellier Sud de France', '14:49:00', 300, '14:52:00', 60], ['Nîmes Pont du Gard', '15:10:00', 0, '15:15:00', 0], ['Valence TGV Rhône-Alpes Sud', '15:52:00', 0, '15:55:00', 0], ['Paris Gare de Lyon Hall 1 - 2', '18:17:00', 300, 0, 0]]",Perpignan,Paris Gare de Lyon Hall 1 - 2,6258.0
OCESN7835F3175478:2024-09-17T00:20:00Z,20240917,12:59:00,18:05:00,"[['Lille Flandres', 0, 0, '13:14:00', 900], ['Aéroport Charles de Gaulle 2 TGV', '14:13:00', 1200, '14:18:00', 1200], ['Marne-la-Vallée Chessy', '14:27:00', 1200, '14:33:00', 1200], ['Lyon Part Dieu', '16:30:00', 1800, '16:31:00', 1500], ['Avignon TGV', '17:34:00', 1500, '17:37:00', 1500], ['Marseille Saint-Charles', '18:05:00', 1200, 0, 0]]",Lille Flandres,Marseille Saint-Charles,7835.0
OCESN9553F3378361:2024-09-17T00:20:00Z,20240917,13:09:00,17:46:00,"[['Paris Est', 0, 0, '13:09:00', 0], ['Sarrebruck', '15:02:00', 300, '15:04:00', 300], ['Kaiserslautern Hbf', '15:40:00', 300, '15:42:00', 300], ['Mannheim Hbf', '16:20:00', 300, '16:31:00', 300], ['Francfort sur le Main', '17:46:00', 300, 0, 0]]",Paris Est,Francfort sur le Main,9553.0
OCESN8540F3155341:2024-09-15T00:19:40Z,20240917,13:12:00,17:49:00,"[['Hendaye', 0, 0, '13:12:00', 0], ['Saint-Jean-de-Luz - Ciboure', '13:23:00', 0, '13:26:00', 0], ['Biarritz', '13:36:00', 0, '13:39:00', 0], ['Bayonne', '13:51:00', 0, '13:54:00', 0], ['Dax', '14:29:00', 300, '14:31:00', 120], ['Bordeaux Saint-Jean', '15:40:00', 0, '15:46:00', 0], ['Paris Montparnasse Hall 1 - 2', '17:49:00', 0, 0, 0]]",Hendaye,Paris Montparnasse Hall 1 - 2,8540.0
OCESN9830F3131390:2024-09-17T00:20:00Z,20240917,13:17:00,19:05:00,"[['Bruxelles Midi', 0, 0, '13:17:00', 0], ['Lille Europe', '13:51:00', 0, '14:01:00', 0], ['Aéroport Charles de Gaulle 2 TGV', '14:58:00', 300, '15:04:00', 300], ['Marne-la-Vallée Chessy', '15:09:00', 0, '15:15:00', 0], ['Lyon Part Dieu', '17:15:00', 900, '17:26:00', 1200], ['Avignon TGV', '18:28:00', 1200, '18:31:00', 1200], ['Aix-en-Provence TGV', '18:50:00', 1200, '18:53:00', 1200], ['Marseille Saint-Charles', '19:05:00', 1200, 0, 0]]",Bruxelles Midi,Marseille Saint-Charles,9830.0
OCESN2239F3091989:2024-09-14T00:20:37Z,20240917,13:37:00,20:41:00,"[['Strasbourg', 0, 0, '13:37:00', 0], ['Colmar', '14:05:00', 0, '14:08:00', 0], ['Mulhouse', '14:36:00', 0, '14:40:00', 0], ['Belfort - Montbéliard TGV', '15:02:00', 0, '15:06:00', 0], ['Besançon Franche-Comté TGV', '15:29:00', 0, '15:36:00', 0], ['Dijon', '16:04:00', 0, '16:20:00', 0], ['Beaune', '16:39:00', 0, '16:42:00', 0], ['Lyon Part Dieu', '17:56:00', 0, '18:06:00', 0], ['Avignon TGV', '19:08:00', 0, '19:11:00', 0], ['Aix-en-Provence TGV', '19:30:00', 0, '19:33:00', 0], ['Marseille Saint-Charles', '19:45:00', 0, '19:59:00', 0], ['Toulon', '20:41:00', 0, 0, 0]]",Strasbourg,Toulon,2239.0
OCESN9774F3156646:2024-09-17T00:20:00Z,20240917,13:45:00,18:07:00,"[['Lausanne', 0, 0, '13:45:00', 0], ['Geneve', '14:21:00', 0, '14:29:00', 0], ['Bellegarde', '14:58:00', 0, '15:02:00', 0], ['Bourg-en-Bresse', '15:49:00', 0, '15:52:00', 0], ['Paris Gare de Lyon Hall 1 - 2', '18:07:00', 1500, 0, 0]]",Lausanne,Paris Gare de Lyon Hall 1 - 2,9774.0
OCESN5500F3090400:2024-09-17T00:20:00Z,20240917,13:57:00,21:09:00,"[['Montpellier Saint-Roch', 0, 0, '13:57:00', 0], ['Nîmes Centre', '14:24:00', 0, '14:27:00', 0], ['Valence TGV Rhône-Alpes Sud', '15:09:00', 0, '15:14:00', 0], ['Lyon Part Dieu', '15:50:00', 0, '16:04:00', 0], ['Mâcon', '16:39:00', 0, '16:42:00', 0], ['Dijon', '17:40:00', 0, '17:50:00', 0], ['Besançon Franche-Comté TGV', '18:17:00', 0, '18:22:00', 0], ['Belfort - Montbéliard TGV', '18:44:00', 0, '18:47:00', 0], ['Mulhouse', '19:09:00', 0, '19:12:00', 0], ['Colmar', '19:41:00', 0, '19:44:00', 0], ['Strasbourg', '20:13:00', 0, '20:22:00', 0], ['Metz', '21:09:00', 0, 0, 0]]",Montpellier Saint-Roch,Metz,5500.0
OCESN7860F3087181:2024-09-17T00:20:00Z,20240917,13:59:00,18:48:00,"[['Montpellier Sud de France', 0, 0, '13:59:00', 0], ['Nîmes Pont du Gard', '14:18:00', 0, '14:21:00', 0], ['Lyon Saint-Exupéry TGV', '15:20:00', 0, '15:34:00', 0], ['Marne-la-Vallée Chessy', '17:19:00', 0, '17:26:00', 0], ['Aéroport Charles de Gaulle 2 TGV', '17:35:00', 0, '17:42:00', 0], ['TGV Haute Picardie', '18:11:00', 0, '18:14:00', 0], ['Lille Flandres', '18:48:00', 0, 0, 0]]",Montpellier Sud de France,Lille Flandres,7860.0
OCESN5454F3436697:2024-09-17T00:20:00Z,20240917,14:01:00,20:02:00,"[['Strasbourg', 0, 0, '14:16:00', 900], ['Lorraine TGV', '14:51:00', 900, '14:54:00', 900], ['Meuse TGV', '15:13:00', 900, '15:20:00', 900], ['Champagne-Ardenne TGV', '15:44:00', 900, '15:47:00', 900], ['Aéroport Charles de Gaulle 2 TGV', '16:19:00', 900, '16:34:00', 900], ['Marne-la-Vallée Chessy', '16:38:00', 600, '16:42:00', 600], ['Massy TGV', '17:09:00', 300, '17:17:00', 300], ['Saint-Pierre-des-Corps', '18:03:00', 0, '18:07:00', 0], ['Poitiers', '18:39:00', 0, '18:42:00', 0], ['Angoulême', '19:21:00', 0, '19:24:00', 0], ['Bordeaux Saint-Jean', '20:02:00', 0, 0, 0]]",Strasbourg,Bordeaux Saint-Jean,5454.0
OCESN6196F3144400:2024-09-17T00:20:00Z,20240917,14:04:00,17:56:00,"[['Avignon Centre', 0, 0, '14:04:00', 0], ['Orange', '14:17:00', 0, '14:20:00', 0], ['Montélimar', '14:44:00', 0, '14:47:00', 0], ['Valence Ville', '15:10:00', 0, '15:13:00', 0], ['Lyon Saint-Exupéry TGV', '15:42:00', 0, '15:54:00', 0], ['Paris Gare de Lyon Hall 1 - 2', '17:56:00', 600, 0, 0]]",Avignon Centre,Paris Gare de Lyon Hall 1 - 2,6196.0
OCESN5480F3152630:2024-09-13T00:21:10Z,20240917,14:08:00,19:29:00,"[['Nantes', 0, 0, '14:08:00', 0], ['Angers Saint-Laud', '14:45:00', 0, '14:48:00', 0], ['Le Mans', '15:27:00', 0, '15:30:00', 0], ['Massy TGV', '16:18:00', 0, '16:26:00', 0], ['Marne-la-Vallée Chessy', '16:56:00', 0, '17:01:00', 0], ['Aéroport Charles de Gaulle 2 TGV', '17:11:00', 0, '17:29:00', 0], ['Champagne-Ardenne TGV', '17:59:00', 0, '18:09:00', 0], ['Lorraine TGV', '18:48:00', 0, '18:51:00', 0], ['Strasbourg', '19:29:00', 0, 0, 0]]",Nantes,Strasbourg,5480.0
OCESN6177F3107730:2024-09-17T00:20:00Z,20240917,14:10:00,20:17:00,"[['Paris Gare de Lyon Hall 1 - 2', 0, 0, '14:35:00', 1500], ['Marseille Saint-Charles', '17:44:00', 1800, '17:58:00', 1800], ['Toulon', '18:36:00', 1500, '18:40:00', 1500], ['Saint-Raphaël Valescure', '19:20:00', 1200, '19:23:00', 1200], ['Cannes', '19:48:00', 1200, '19:53:00', 1200], ['Antibes', '20:01:00', 1200, '20:04:00', 1200], ['Nice-Ville', '20:17:00', 1200, 0, 0]]",Paris Gare de Lyon Hall 1 - 2,Nice-Ville,6177.0
OCESN8630F3137994:2024-09-14T00:20:37Z,20240917,14:10:00,18:10:00,"[['Brest', 0, 0, '14:10:00', 0], ['Morlaix', '14:41:00', 0, '14:43:00', 0], ['Plouaret Trégor', '15:01:00', 0, '15:08:00', 300], ['Guingamp', '15:21:00', 300, '15:24:00', 300], ['Saint-Brieuc', '15:38:00', 300, '15:41:00', 300], ['Lamballe', '15:50:00', 300, '15:53:00', 300], ['Rennes', '16:34:00', 300, '16:40:00', 300], ['Paris Montparnasse Hall 1 - 2', '18:10:00', 300, 0, 0]]",Brest,Paris Montparnasse Hall 1 - 2,8630.0
OCESN9250F3422860:2024-09-17T00:20:00Z,20240917,14:10:00,23:14:00,"[['MILANO PORTA GARIBALDI', 0, 0, '14:10:00', 0], ['Turin Porta Susa', '15:39:00', 0, '15:41:00', 0], ['OULX CESANA CLAVIERE SESTRIERE', '16:33:00', 0, '17:10:00', 0], ['Saint-Jean-de-Maurienne Arvan', '19:00:00', 0, '19:30:00', 0], ['Chambéry - Challes-les-Eaux', '20:15:00', 0, '20:22:00', 0], ['Mâcon - Loché TGV', '21:36:00', 0, '21:39:00', 0], ['Paris Gare de Lyon Hall 1 - 2', '23:14:00', 0, 0, 0]]",MILANO PORTA GARIBALDI,Paris Gare de Lyon Hall 1 - 2,9250.0
OCESN6919F3159716:2024-09-16T00:23:36Z,20240917,14:14:00,17:43:00,"[['Paris Gare de Lyon Hall 1 - 2', 0, 0, '14:14:00', 0], ['Lyon Saint-Exupéry TGV', '16:22:00', 900, '16:26:00', 900], ['Grenoble', '17:43:00', 1800, 0, 0]]",Paris Gare de Lyon Hall 1 - 2,Grenoble,6919.0
OCESN8485F3096848:2024-09-17T00:20:00Z,20240917,14:16:00,17:47:00,"[['Paris Montparnasse Hall 1 - 2', 0, 0, '14:16:00', 0], ['Saint-Pierre-des-Corps', '15:13:00', 0, '15:17:00', 0], ['Poitiers', '15:51:00', 0, '15:54:00', 0], ['Angoulême', '16:33:00', 0, '16:36:00', 0], ['Libourne', '17:24:00', 300, '17:27:00', 300], ['Bordeaux Saint-Jean', '17:47:00', 300, 0, 0]]",Paris Montparnasse Hall 1 - 2,Bordeaux Saint-Jean,8485.0
OCESN7672F3355480:2024-07-02T00:31:10Z,20240917,14:17:00,18:52:00,"[['Toulouse Matabiau', 0, 0, '14:17:00', 0], ['Montauban Ville Bourbon', '14:48:00', 0, '14:51:00', 0], ['Agen', '15:31:00', 0, '15:34:00', 0], ['Bordeaux Saint-Jean', '16:40:00', 0, '16:46:00', 0], ['Paris Montparnasse Hall 1 - 2', '18:52:00', 0, 0, 0]]",Toulouse Matabiau,Paris Montparnasse Hall 1 - 2,7672.0
OCESN5386F2895463:2024-09-17T00:20:00Z,20240917,14:36:00,20:45:00,"[['Marseille Saint-Charles', 0, 0, '14:36:00', 0], ['Aix-en-Provence TGV', '15:07:00', 1200, '15:10:00', 1200], ['Avignon TGV', '15:30:00', 1200, '15:35:00', 1200], ['Lyon Part Dieu', '16:40:00', 1200, '16:45:00', 900], ['Massy TGV', '18:49:00', 900, '18:56:00', 900], ['Le Mans', '19:44:00', 900, '19:47:00', 900], ['Laval', '20:17:00', 900, '20:21:00', 900], ['Rennes', '20:45:00', 900, 0, 0]]",Marseille Saint-Charles,Rennes,5386.0
OCESN9580F3156809:2024-09-16T00:23:36Z,20240917,14:39:00,21:46:00,"[['Mannheim Hbf', 0, 0, '14:39:00', 0], ['Karlsruhe Hbf', '15:14:00', 600, '15:22:00', 600], ['Baden-Baden', '15:39:00', 300, '15:40:00', 300], ['Strasbourg', '16:09:00', 300, '16:16:00', 0], ['Mulhouse', '17:05:00', 0, '17:09:00', 0], ['Belfort - Montbéliard TGV', '17:31:00', 0, '17:34:00', 0], ['Besançon Franche-Comté TGV', '17:55:00', 0, '17:58:00', 0], ['Chalon-sur-Saône', '18:53:00', 0, '18:56:00', 0], ['Lyon Part Dieu', '19:56:00', 0, '20:06:00', 0], ['Avignon TGV', '21:09:00', 0, '21:12:00', 0], ['Aix-en-Provence TGV', '21:31:00', 0, '21:34:00', 0], ['Marseille Saint-Charles', '21:46:00', 0, 0, 0]]",Mannheim Hbf,Marseille Saint-Charles,9580.0
OCESN6850F3135425:2024-07-03T00:30:15Z,20240917,14:40:00,19:25:00,"[['Nice-Ville', 0, 0, '14:40:00', 0], ['Antibes', '14:53:00', 0, '14:56:00', 0], ['Cannes', '15:03:00', 0, '15:07:00', 0], ['Saint-Raphaël Valescure', '15:27:00', 0, '15:30:00', 0], ['Toulon', '16:17:00', 0, '16:21:00', 0], ['Marseille Saint-Charles', '17:03:00', 0, '17:18:00', 0], ['Aix-en-Provence TGV', '17:36:00', 300, '17:39:00', 300], ['Avignon TGV', '18:00:00', 300, '18:07:00', 300], ['Valence TGV Rhône-Alpes Sud', '18:45:00', 300, '18:50:00', 300], ['Lyon Part Dieu', '19:25:00', 300, 0, 0]]",Nice-Ville,Lyon Part Dieu,6850.0
OCESN9715F,20240917,14:42:00,20:18:00,"[['Paris Gare de Lyon Hall 1 - 2', 0, 0, '14:42:00', 0], ['Valence TGV Rhône-Alpes Sud', '17:12:00', 1200, '17:15:00', 1200], ['Nîmes Centre', '18:01:00', 1200, '18:05:00', 1200], ['Montpellier Saint-Roch', '18:31:00', 1200, '18:37:00', 1200], ['Sète', '18:53:00', 1200, '18:56:00', 1200], ['Agde', '19:08:00', 1200, '19:11:00', 1200], ['Béziers', '19:23:00', 1200, '19:26:00', 1200], ['Narbonne', '19:39:00', 1200, '19:42:00', 1200], ['Perpignan', '20:18:00', 1200, 0, 0]]",Paris Gare de Lyon Hall 1 - 2,Perpignan,
OCESN8623F3091691:2024-09-16T00:23:36Z,20240917,14:44:00,18:40:00,"[['Paris Montparnasse Hall 1 - 2', 0, 0, '14:44:00', 0], ['Laval', '15:55:00', 0, '15:58:00', 0], ['Rennes', '16:23:00', 0, '16:31:00', 0], ['Saint-Brieuc', '17:15:00', 0, '17:18:00', 0], ['Guingamp', '17:32:00', 0, '17:35:00', 0], ['Morlaix', '18:03:00', 0, '18:06:00', 0], ['Brest', '18:40:00', 0, 0, 0]]",Paris Montparnasse Hall 1 - 2,Brest,8623.0
OCESN8723F2598053:2024-09-16T00:23:36Z,20240917,14:44:00,18:41:00,"[['Paris Montparnasse Hall 1 - 2', 0, 0, '14:44:00', 0], ['Laval', '15:55:00', 0, '15:58:00', 0], ['Rennes', '16:23:00', 0, '16:27:00', 0], ['Redon', '17:01:00', 0, '17:04:00', 0], ['Vannes', '17:26:00', 0, '17:44:00', 900], ['Lorient', '17:56:00', 180, '17:57:00', 60], ['Quimperlé', '18:07:00', 0, '18:09:00', 0], ['Rosporden', '18:23:00', 0, '18:26:00', 0], ['Quimper', '18:41:00', 0, 0, 0]]",Paris Montparnasse Hall 1 - 2,Quimper,8723.0
OCESN6920F3382593:2024-09-16T00:23:36Z,20240917,14:47:00,17:56:00,"[['Grenoble', 0, 0, '14:47:00', 0], ['Lyon Saint-Exupéry TGV', '15:48:00', 0, '15:54:00', 0], ['Paris Gare de Lyon Hall 1 - 2', '17:56:00', 600, 0, 0]]",Grenoble,Paris Gare de Lyon Hall 1 - 2,6920.0
OCESN9255F3372134:2024-09-17T00:20:00Z,20240917,14:48:00,23:30:00,"[['Paris Gare de Lyon Hall 1 - 2', 0, 0, '14:48:00', 0], ['Chambéry - Challes-les-Eaux', '18:06:00', 1800, '18:14:00', 1800], ['Saint-Jean-de-Maurienne Arvan', '18:55:00', 1800, '19:20:00', 1800], ['OULX CESANA CLAVIERE SESTRIERE', '20:30:00', 1200, '21:12:00', 1200], ['Turin Porta Susa', '21:46:00', 0, '21:48:00', 0], ['MILANO PORTA GARIBALDI', '23:30:00', 1200, 0, 0]]",Paris Gare de Lyon Hall 1 - 2,MILANO PORTA GARIBALDI,9255.0
OCESN9864F3156618:2024-09-16T00:23:36Z,20240917,14:51:00,20:43:00,"[['Montpellier Saint-Roch', 0, 0, '14:51:00', 0], ['Nîmes Centre', '15:16:00', 0, '15:19:00', 0], ['Valence TGV Rhône-Alpes Sud', '16:09:00', 0, '16:15:00', 0], ['Lyon Part Dieu', '16:49:00', 0, '17:00:00', 0], ['Marne-la-Vallée Chessy', '18:47:00', 0, '18:51:00', 0], ['Aéroport Charles de Gaulle 2 TGV', '19:01:00', 0, '19:07:00', 0], ['Lille Europe', '19:58:00', 0, '20:09:00', 0], ['Bruxelles Midi', '20:43:00', 0, 0, 0]]",Montpellier Saint-Roch,Bruxelles Midi,9864.0
OCESN9572F3392505:2024-09-17T00:20:00Z,20240917,14:52:00,18:16:00,"[['Stuttgart Hbf', 0, 0, '14:52:00', 0], ['Karlsruhe Hbf', '15:30:00', 0, '15:37:00', 300], ['Strasbourg', '16:23:00', 300, '16:31:00', 0], ['Paris Est', '18:16:00', 0, 0, 0]]",Stuttgart Hbf,Paris Est,9572.0
OCESN9704F,20240917,14:59:00,20:18:00,"[['Perpignan', 0, 0, '14:59:00', 0], ['Narbonne', '15:36:00', 0, '15:39:00', 0], ['Béziers', '15:52:00', 0, '15:55:00', 0], ['Agde', '16:06:00', 0, '16:09:00', 0], ['Sète', '16:21:00', 0, '16:24:00', 0], ['Montpellier Saint-Roch', '16:43:00', 0, '16:50:00', 0], ['Nîmes Centre', '17:15:00', 0, '17:19:00', 0], ['Valence TGV Rhône-Alpes Sud', '18:02:00', 0, '18:05:00', 0], ['Paris Gare de Lyon Hall 1 - 2', '20:18:00', 0, 0, 0]]",Perpignan,Paris Gare de Lyon Hall 1 - 2,
OCESN6122F3164080:2024-09-16T00:23:36Z,20240917,15:02:00,18:47:00,"[['Marseille Saint-Charles', 0, 0, '15:02:00', 0], ['Aix-en-Provence TGV', '15:45:00', 1800, '15:48:00', 1800], ['Avignon TGV', '16:08:00', 1800, '16:11:00', 1800], ['Paris Gare de Lyon Hall 1 - 2', '18:47:00', 1500, 0, 0]]",Marseille Saint-Charles,Paris Gare de Lyon Hall 1 - 2,6122.0
OCESN9832F3171976:2024-09-17T00:20:00Z,20240917,15:03:00,19:50:00,"[['Bruxelles Midi', 0, 0, '15:03:00', 0], ['Lille Europe', 0, 0, '15:52:00', 0], ['Aéroport Charles de Gaulle 2 TGV', '16:44:00', 0, '16:49:00', 0], ['Marne-la-Vallée Chessy', '16:58:00', 0, '17:02:00', 0], ['Massy TGV', '17:33:00', 0, '17:41:00', 0], ['Le Mans', '18:29:00', 0, '18:32:00', 0], ['Angers Saint-Laud', '19:10:00', 0, '19:13:00', 0], ['Nantes', '19:50:00', 0, 0, 0]]",Bruxelles Midi,Nantes,9832.0
OCESN7856F3176820:2024-08-18T00:24:50Z,20240917,15:05:00,21:02:00,"[['Nice-Ville', 0, 0, '15:25:00', 1200], ['Antibes', '15:39:00', 1200, '15:42:00', 1200], ['Cannes', '15:52:00', 1200, '15:55:00', 1200], ['Saint-Raphaël Valescure', '16:15:00', 1200, '16:18:00', 1200], ['Toulon', '17:05:00', 1200, '17:09:00', 1200], ['Aix-en-Provence TGV', '17:59:00', 1200, '18:02:00', 1200], ['Paris Gare de Lyon Hall 1 - 2', '21:02:00', 1200, 0, 0]]",Nice-Ville,Paris Gare de Lyon Hall 1 - 2,7856.0
OCESN8509F3097194:2024-09-16T00:23:36Z,20240917,15:11:00,19:27:00,"[['Paris Montparnasse Hall 1 - 2', 0, 0, '15:16:00', 300], ['Bordeaux Saint-Jean', '17:14:00', 0, '17:20:00', 0], ['Toulouse Matabiau', '19:27:00', 0, 0, 0]]",Paris Montparnasse Hall 1 - 2,Toulouse Matabiau,8509.0
OCESN8730F3391160:2024-09-17T00:20:00Z,20240917,15:12:00,19:02:00,"[['Quimper', 0, 0, '15:12:00', 0], ['Rosporden', '15:23:00', 0, '15:26:00', 0], ['Quimperlé', '15:39:00', 0, '15:41:00', 0], ['Lorient', '15:52:00', 0, '15:55:00', 0], ['Auray', '16:10:00', 0, '16:13:00', 0], ['Vannes', '16:23:00', 0, '16:26:00', 0], ['Rennes', '17:25:00', 0, '17:35:00', 0], ['Paris Montparnasse Hall 1 - 2', '19:02:00', 0, 0, 0]]",Quimper,Paris Montparnasse Hall 1 - 2,8730.0
OCESN9563F3156821:2024-09-17T00:20:00Z,20240917,15:12:00,19:44:00,"[['Paris Est', 0, 0, '15:12:00', 0], ['Strasbourg', '16:59:00', 0, '17:08:00', 0], ['Karlsruhe Hbf', '17:53:00', 0, '17:55:00', 0], ['Mannheim Hbf', '18:18:00', 0, 0, 0], ['Francfort sur le Main', '19:44:00', 0, 0, 0]]",Paris Est,Francfort sur le Main,9563.0
OCESN9868F3361686:2024-09-17T00:20:00Z,20240917,15:12:00,21:28:00,"[['Marseille Saint-Charles', 0, 0, '15:12:00', 0], ['Aix-en-Provence TGV', '16:03:00', 2400, '16:06:00', 2400], ['Avignon TGV', '16:26:00', 2400, '16:29:00', 2400], ['Lyon Part Dieu', '17:28:00', 2100, '17:40:00', 2400], ['Marne-la-Vallée Chessy', '19:32:00', 2700, '19:36:00', 2700], ['Aéroport Charles de Gaulle 2 TGV', '19:46:00', 2700, '19:52:00', 2700], ['Lille Europe', '20:43:00', 2700, '20:54:00', 2700], ['Bruxelles Midi', '21:28:00', 2700, 0, 0]]",Marseille Saint-Charles,Bruxelles Midi,9868.0
OCESN5288F3112515:2024-09-16T00:23:36Z,20240917,15:17:00,19:35:00,"[['Nantes', 0, 0, '15:17:00', 0], ['Angers Saint-Laud', '15:59:00', 0, '16:02:00', 0], ['Le Mans', '16:46:00', 0, '16:57:00', 0], ['Massy TGV', '17:47:00', 0, '17:55:00', 0], ['Marne-la-Vallée Chessy', '18:23:00', 0, '18:28:00', 0], ['Aéroport Charles de Gaulle 2 TGV', '18:37:00', 0, '18:43:00', 0], ['Lille Europe', '19:35:00', 0, 0, 0]]",Nantes,Lille Europe,5288.0
OCESN7845F3173463:2024-09-17T00:20:00Z,20240917,15:20:00,20:26:00,"[['Lille Flandres', 0, 0, '15:20:00', 0], ['TGV Haute Picardie', '15:48:00', 0, '15:53:00', 0], ['Aéroport Charles de Gaulle 2 TGV', '16:24:00', 0, '16:32:00', 0], ['Marne-la-Vallée Chessy', '16:43:00', 0, '16:49:00', 0], ['Lyon Saint-Exupéry TGV', '18:42:00', 600, '18:45:00', 600], ['Valence TGV Rhône-Alpes Sud', '19:08:00', 600, '19:11:00', 600], ['Avignon TGV', '19:44:00', 600, '19:47:00', 600], ['Aix-en-Provence TGV', '20:07:00', 600, '20:10:00', 600], ['Marseille Saint-Charles', '20:26:00', 600, 0, 0]]",Lille Flandres,Marseille Saint-Charles,7845.0
OCESN7804F3163120:2024-09-17T00:20:00Z,20240917,15:24:00,18:14:00,"[['Lyon Perrache', 0, 0, '15:54:00', 1800], ['Lyon Part Dieu', '16:02:00', 1800, '16:03:00', 1500], ['Paris Gare de Lyon Hall 1 - 2', '18:14:00', 2400, 0, 0]]",Lyon Perrache,Paris Gare de Lyon Hall 1 - 2,7804.0
OCESN8634F3391120:2024-09-17T00:20:00Z,20240917,15:28:00,19:02:00,"[['Brest', 0, 0, '15:33:00', 300], ['Saint-Brieuc', '16:43:00', 300, '16:46:00', 300], ['Rennes', '17:29:00', 0, '17:35:00', 0], ['Paris Montparnasse Hall 1 - 2', '19:02:00', 0, 0, 0]]",Brest,Paris Montparnasse Hall 1 - 2,8634.0
OCESN6978F3388186:2024-09-17T00:20:00Z,20240917,15:29:00,19:14:00,"[['Annecy', 0, 0, '15:29:00', 0], ['Aix-les-Bains le Revard', '15:56:00', 0, '15:59:00', 0], ['Chambéry - Challes-les-Eaux', '16:09:00', 0, '16:22:00', 0], ['Mâcon - Loché TGV', '17:37:00', 0, '17:40:00', 0], ['Paris Gare de Lyon Hall 1 - 2', '19:14:00', 0, 0, 0]]",Annecy,Paris Gare de Lyon Hall 1 - 2,6978.0
OCESN9226F3131495:2024-05-04T00:34:18Z,20240917,15:34:00,19:40:00,"[['Zuerich HB', 0, 0, '15:34:00', 0], ['Basel SBB', '16:28:00', 0, '16:34:00', 0], ['Mulhouse', '16:54:00', 0, '16:57:00', 0], ['Dijon', '17:59:00', 0, '18:03:00', 0], ['Paris Gare de Lyon Hall 1 - 2', '19:40:00', 0, 0, 0]]",Zuerich HB,Paris Gare de Lyon Hall 1 - 2,9226.0
OCESN9228F3135300:2024-05-04T00:34:18Z,20240917,15:34:00,19:40:00,"[['Zuerich HB', 0, 0, '15:34:00', 0], ['Basel SBB', '16:28:00', 0, '16:34:00', 0], ['Mulhouse', '16:54:00', 0, '16:57:00', 0], ['Dijon', '17:59:00', 0, '18:03:00', 0], ['Paris Gare de Lyon Hall 1 - 2', '19:40:00', 0, 0, 0]]",Zuerich HB,Paris Gare de Lyon Hall 1 - 2,9228.0
OCESN8363F3135620:2024-09-13T00:21:10Z,20240917,15:35:00,18:13:00,"[['Paris Montparnasse Hall 1 - 2', 0, 0, '15:35:00', 0], ['Niort', '17:29:00', 0, '17:32:00', 0], ['Surgères', '17:50:00', 0, '17:52:00', 0], ['La Rochelle', '18:13:00', 0, 0, 0]]",Paris Montparnasse Hall 1 - 2,La Rochelle,8363.0
OCESN6117F2587824:2024-09-17T00:20:00Z,20240917,15:38:00,18:59:00,"[['Paris Gare de Lyon Hall 1 - 2', 0, 0, '15:38:00', 0], ['Avignon TGV', '18:18:00', 0, '18:21:00', 0], ['Aix-en-Provence TGV', '18:42:00', 0, '18:46:00', 0], ['Marseille Saint-Charles', '18:59:00', 0, 0, 0]]",Paris Gare de Lyon Hall 1 - 2,Marseille Saint-Charles,6117.0
OCESN6873F3159732:2024-09-16T00:23:36Z,20240917,15:38:00,19:50:00,"[['Toulouse Matabiau', 0, 0, '15:38:00', 0], ['Carcassonne', '16:21:00', 0, '16:24:00', 0], ['Narbonne', '16:53:00', 0, '16:56:00', 0], ['Béziers', '17:09:00', 0, '17:12:00', 0], ['Sète', '17:34:00', 0, '17:37:00', 0], ['Montpellier Saint-Roch', '17:55:00', 0, '17:59:00', 0], ['Nîmes Centre', '18:24:00', 0, '18:27:00', 0], ['Valence TGV Rhône-Alpes Sud', '19:10:00', 0, '19:15:00', 0], ['Lyon Part Dieu', '19:50:00', 0, 0, 0]]",Toulouse Matabiau,Lyon Part Dieu,6873.0
OCESN8879F3085831:2024-09-14T00:20:37Z,20240917,15:39:00,17:54:00,"[['Paris Montparnasse Hall 1 - 2', 0, 0, '15:39:00', 0], ['Le Mans', '16:33:00', 0, '16:36:00', 0], ['Angers Saint-Laud', '17:13:00', 0, '17:16:00', 0], ['Nantes', '17:54:00', 0, 0, 0]]",Paris Montparnasse Hall 1 - 2,Nantes,8879.0
OCESN8984F3152176:2024-09-14T00:20:37Z,20240917,15:44:00,19:16:00,"[[""Les Sables-d'Olonne"", 0, 0, '15:44:00', 0], ['La Roche-sur-Yon', '16:08:00', 0, '16:11:00', 0], ['Nantes', '16:57:00', 0, '17:08:00', 0], ['Angers Saint-Laud', '17:45:00', 0, '17:48:00', 0], ['Paris Montparnasse Hall 1 - 2', '19:16:00', 0, 0, 0]]",Les Sables-d'Olonne,Paris Montparnasse Hall 1 - 2,8984.0
OCESN5192F3267929:2024-09-15T00:19:40Z,20240917,15:45:00,19:49:00,"[['Lyon Perrache', 0, 0, '15:45:00', 0], ['Lyon Part Dieu', '15:53:00', 0, '15:59:00', 0], ['Marne-la-Vallée Chessy', '17:52:00', 300, '17:56:00', 300], ['Aéroport Charles de Gaulle 2 TGV', '18:06:00', 300, '18:12:00', 300], ['TGV Haute Picardie', '18:40:00', 300, '18:43:00', 300], ['Arras', '18:59:00', 300, '19:05:00', 300], ['Douai', '19:19:00', 300, '19:25:00', 300], ['Lille Flandres', '19:49:00', 300, 0, 0]]",Lyon Perrache,Lille Flandres,5192.0
OCESN7623F3091062:2024-09-15T00:19:40Z,20240917,15:48:00,17:50:00,"[['Paris Montparnasse Hall 1 - 2', 0, 0, '15:48:00', 0], ['Angers Saint-Laud', '17:09:00', 0, '17:12:00', 0], ['Nantes', '17:50:00', 0, 0, 0]]",Paris Montparnasse Hall 1 - 2,Nantes,7623.0
OCESN6624F2585811:2024-07-02T00:31:10Z,20240917,15:50:00,18:33:00,"[['Lyon Perrache', 0, 0, '15:55:00', 300], ['Lyon Part Dieu', '15:59:00', 60, '16:04:00', 0], ['Le Creusot-TGV', '17:15:00', 1800, '17:18:00', 1800], ['Paris Gare de Lyon Hall 1 - 2', '18:33:00', 1500, 0, 0]]",Lyon Perrache,Paris Gare de Lyon Hall 1 - 2,6624.0
OCESN7898F3249515:2024-09-17T00:20:00Z,20240917,15:50:00,20:47:00,"[['Toulon', 0, 0, '16:30:00', 2400], ['Aix-en-Provence TGV', '17:20:00', 2400, '17:23:00', 2400], ['Lyon Saint-Exupéry TGV', '18:39:00', 2400, '18:44:00', 2400], ['Marne-la-Vallée Chessy', '20:27:00', 2400, '20:33:00', 2400], ['Aéroport Charles de Gaulle 2 TGV', '20:47:00', 2400, 0, 0]]",Toulon,Aéroport Charles de Gaulle 2 TGV,7898.0
OCESN7872F3159277:2024-09-17T00:20:00Z,20240917,15:51:00,19:19:00,"[['Montpellier Sud de France', 0, 0, '16:01:00', 600], ['Nîmes Pont du Gard', '16:19:00', 600, '16:28:00', 900], ['Valence TGV Rhône-Alpes Sud', '17:05:00', 900, '17:08:00', 900], ['Paris Gare de Lyon Hall 1 - 2', '19:19:00', 900, 0, 0]]",Montpellier Sud de France,Paris Gare de Lyon Hall 1 - 2,7872.0
OCESN6621F3132618:2024-05-04T00:34:18Z,20240917,15:52:00,18:14:00,"[['Paris Gare de Lyon Hall 1 - 2', 0, 0, '15:52:00', 0], ['Le Creusot-TGV', '17:16:00', 300, '17:19:00', 300], ['Mâcon - Loché TGV', '17:37:00', 300, '17:40:00', 300], ['Lyon Part Dieu', '18:00:00', 0, '18:06:00', 0], ['Lyon Perrache', '18:14:00', 0, 0, 0]]",Paris Gare de Lyon Hall 1 - 2,Lyon Perrache,6621.0
OCESN2067F2425942:2024-09-17T00:20:00Z,20240917,15:55:00,17:41:00,"[['Paris Est', 0, 0, '15:55:00', 0], ['Strasbourg', '17:41:00', 0, 0, 0]]",Paris Est,Strasbourg,2067.0
OCESN9577F3383658:2024-09-13T00:21:10Z,20240917,15:55:00,21:36:00,"[['Paris Est', 0, 0, '15:55:00', 0], ['Strasbourg', '17:41:00', 0, '17:46:00', 0], ['Karlsruhe Hbf', '18:24:00', 0, '18:27:00', 0], ['Stuttgart Hbf', '19:04:00', 0, '19:22:00', 0], ['Ulm Hbf', '20:17:00', 0, '20:20:00', 0], ['Augsburg Hbf', '21:01:00', 0, '21:06:00', 0], ['Munich', '21:36:00', 0, 0, 0]]",Paris Est,Munich,9577.0
OCESN2580F3162061:2024-09-14T00:20:37Z,20240917,15:56:00,18:46:00,"[['Remiremont', 0, 0, '15:56:00', 0], ['Épinal', '16:17:00', 0, '16:21:00', 0], ['Nancy', '17:06:00', 0, '17:16:00', 0], ['Paris Est', '18:46:00', 0, 0, 0]]",Remiremont,Paris Est,2580.0
OCESN5316F3160807:2024-09-15T00:19:40Z,20240917,15:56:00,22:24:00,"[['Le Havre', 0, 0, '15:56:00', 0], ['Rouen Rive Droite', '16:39:00', 0, '16:44:00', 0], ['Mantes-la-Jolie', '17:31:00', 0, '17:34:00', 0], ['Versailles Chantiers', '18:08:00', 0, '18:11:00', 0], ['Massy-Palaiseau', '18:24:00', 0, '18:27:00', 0], ['Lyon Part Dieu', '20:30:00', 0, '20:40:00', 0], ['Valence TGV Rhône-Alpes Sud', '21:14:00', 0, '21:19:00', 0], ['Avignon TGV', '21:51:00', 0, '21:54:00', 0], ['Marseille Saint-Charles', '22:24:00', 0, 0, 0]]",Le Havre,Marseille Saint-Charles,5316.0
OCESN7330F3441089:2024-09-15T00:19:40Z,20240917,15:56:00,18:08:00,"[['Dunkerque', 0, 0, '15:56:00', 0], ['Hazebrouck', '16:17:00', 0, '16:20:00', 0], ['Béthune', '16:41:00', 0, '16:44:00', 0], ['Lens', '16:55:00', 0, '16:58:00', 0], ['Arras', '17:11:00', 0, '17:18:00', 0], ['Paris Gare du Nord', '18:08:00', 0, 0, 0]]",Dunkerque,Paris Gare du Nord,7330.0
OCESN9896F3061434:2024-09-17T00:20:00Z,20240917,15:56:00,00:49:00,"[['Marseille Saint-Charles', 0, 0, '16:46:00', 3000], ['Aix-en-Provence TGV', '17:07:00', 3600, '17:10:00', 3600], ['Avignon TGV', '17:30:00', 3600, '17:33:00', 3600], ['Valence TGV Rhône-Alpes Sud', '18:09:00', 3600, '18:14:00', 3600], ['Lyon Part Dieu', '18:50:00', 3600, '19:04:00', 3600], ['Chalon-sur-Saône', '20:03:00', 3600, '20:06:00', 3600], ['Dijon', '20:39:00', 3600, '20:49:00', 3600], ['Besançon Franche-Comté TGV', '21:16:00', 3600, '21:19:00', 3600], ['Belfort - Montbéliard TGV', '21:40:00', 3600, '21:45:00', 3600], ['Mulhouse', '22:08:00', 3600, '22:12:00', 3600], ['Strasbourg', '23:07:00', 3600, '23:14:00', 3600], ['Metz', '00:02:00', 3600, '00:07:00', 3600], ['Thionville', '00:23:00', 3600, '00:26:00', 3600], ['Luxembourg', '00:49:00', 3600, 0, 0]]",Marseille Saint-Charles,Luxembourg,9896.0
OCESN5460F3134332:2024-09-16T00:23:36Z,20240917,16:03:00,21:04:00,"[['Rennes', 0, 0, '16:03:00', 0], ['Le Mans', '16:50:00', 0, '16:57:00', 0], ['Massy TGV', '17:47:00', 0, '17:55:00', 0], ['Marne-la-Vallée Chessy', '18:23:00', 0, '18:28:00', 0], ['Aéroport Charles de Gaulle 2 TGV', '18:37:00', 0, '18:53:00', 0], ['Champagne-Ardenne TGV', '19:29:00', 0, '19:35:00', 0], ['Meuse TGV', '20:00:00', 0, '20:07:00', 0], ['Lorraine TGV', '20:25:00', 0, '20:28:00', 0], ['Strasbourg', '21:04:00', 0, 0, 0]]",Rennes,Strasbourg,5460.0
OCESN6168F3345294:2024-06-26T00:35:36Z,20240917,16:03:00,22:05:00,"[['Nice-Ville', 0, 0, '16:28:00', 1500], ['Antibes', '16:42:00', 1500, '16:45:00', 1500], ['Cannes', '16:49:00', 1200, '16:53:00', 1200], ['Saint-Raphaël Valescure', '17:24:00', 1800, '17:27:00', 1800], ['Toulon', '18:15:00', 1800, '18:19:00', 1800], ['Marseille Saint-Charles', '18:57:00', 1500, '19:14:00', 1500], ['Paris Gare de Lyon Hall 1 - 2', '22:05:00', 900, 0, 0]]",Nice-Ville,Paris Gare de Lyon Hall 1 - 2,6168.0
OCESN6024F3391076:2024-09-15T00:19:40Z,20240917,16:04:00,19:57:00,"[['Marseille Saint-Charles', 0, 0, '16:34:00', 1800], ['Aix-en-Provence TGV', '17:00:00', 2700, '17:03:00', 2700], ['Avignon TGV', '17:23:00', 2700, '17:26:00', 2700], ['Paris Gare de Lyon Hall 1 - 2', '19:57:00', 2100, 0, 0]]",Marseille Saint-Charles,Paris Gare de Lyon Hall 1 - 2,6024.0
OCESN8880F3157924:2024-09-17T00:20:00Z,20240917,16:05:00,18:21:00,"[['Nantes', 0, 0, '16:05:00', 0], ['Angers Saint-Laud', '16:42:00', 0, '16:45:00', 0], ['Le Mans', '17:23:00', 0, '17:26:00', 0], ['Paris Montparnasse Hall 1 - 2', '18:21:00', 0, 0, 0]]",Nantes,Paris Montparnasse Hall 1 - 2,8880.0
OCESN2513F2819074:2024-09-16T00:23:36Z,20240917,16:06:00,17:44:00,"[['Paris Est', 0, 0, '16:06:00', 0], ['Champagne-Ardenne TGV', '16:46:00', 0, '16:49:00', 0], ['Nancy', '17:44:00', 0, 0, 0]]",Paris Est,Nancy,2513.0
OCESN8447F3100305:2024-09-17T00:20:00Z,20240917,16:06:00,18:44:00,"[['Paris Montparnasse Hall 1 - 2', 0, 0, '16:06:00', 0], ['Poitiers', '17:24:00', 0, '17:27:00', 0], ['Angoulême', '18:05:00', 0, '18:08:00', 0], ['Bordeaux Saint-Jean', '18:44:00', 0, 0, 0]]",Paris Montparnasse Hall 1 - 2,Bordeaux Saint-Jean,8447.0
OCESN7853F3134545:2024-09-04T00:27:05Z,20240917,16:09:00,22:01:00,"[['Paris Gare de Lyon Hall 1 - 2', 0, 0, '16:09:00', 0], ['Valence TGV Rhône-Alpes Sud', '18:24:00', 0, '18:29:00', 0], ['Toulon', '20:08:00', 0, '20:12:00', 0], ['Les Arcs - Draguignan', '20:49:00', 0, '20:52:00', 0], ['Cannes', '21:27:00', 0, '21:31:00', 0], ['Antibes', '21:40:00', 0, '21:43:00', 0], ['Nice-Ville', '22:01:00', 0, 0, 0]]",Paris Gare de Lyon Hall 1 - 2,Nice-Ville,7853.0
OCESN2872F3391754:2024-09-17T00:20:00Z,20240917,16:10:00,18:21:00,"[['Luxembourg', 0, 0, '16:10:00', 0], ['Thionville', '16:31:00', 0, '16:34:00', 0], ['Metz', '16:52:00', 0, '16:57:00', 0], ['Paris Est', '18:21:00', 0, 0, 0]]",Luxembourg,Paris Est,2872.0
OCESN12263F3133880:2024-09-01T00:22:45Z,20240917,16:11:00,18:14:00,"[['Paris Montparnasse Hall 1 - 2', 0, 0, '16:11:00', 0], ['Bordeaux Saint-Jean', '18:14:00', 0, 0, 0]]",Paris Montparnasse Hall 1 - 2,Bordeaux Saint-Jean,12263.0
OCESN7534F3359669:2024-09-15T00:19:40Z,20240917,16:11:00,19:09:00,"[['Rang-du-Fliers - Verton - Berck', 0, 0, '16:11:00', 0], ['Étaples - Le Touquet', '16:19:00', 0, '16:22:00', 0], ['Boulogne sur Mer', '16:37:00', 0, '16:40:00', 0], ['Calais - Fréthun', '17:05:00', 0, '17:15:00', 0], ['Lille Europe', '17:45:00', 0, '17:52:00', 0], ['Arras', '18:13:00', 0, '18:18:00', 0], ['Paris Gare du Nord', '19:09:00', 0, 0, 0]]",Rang-du-Fliers - Verton - Berck,Paris Gare du Nord,7534.0
OCESN8549F3137155:2024-09-17T00:20:00Z,20240917,16:11:00,20:47:00,"[['Paris Montparnasse Hall 1 - 2', 0, 0, '16:11:00', 0], ['Bordeaux Saint-Jean', '18:14:00', 0, '18:20:00', 0], ['Dax', '19:30:00', 0, '19:34:00', 0], ['Bayonne', '20:03:00', 0, '20:06:00', 0], ['Biarritz', '20:16:00', 0, '20:19:00', 0], ['Saint-Jean-de-Luz - Ciboure', '20:32:00', 0, '20:34:00', 0], ['Hendaye', '20:47:00', 0, 0, 0]]",Paris Montparnasse Hall 1 - 2,Hendaye,8549.0
OCESN6921F3133572:2024-05-04T00:34:18Z,20240917,16:13:00,19:13:00,"[['Paris Gare de Lyon Hall 1 - 2', 0, 0, '16:13:00', 0], ['Lyon Saint-Exupéry TGV', '18:10:00', 300, '18:15:00', 300], ['Grenoble', '19:13:00', 0, 0, 0]]",Paris Gare de Lyon Hall 1 - 2,Grenoble,6921.0
OCESN7130F3444555:2024-09-15T00:19:40Z,20240917,16:16:00,18:08:00,"[['Valenciennes', 0, 0, '16:16:00', 0], ['Douai', '16:40:00', 0, '16:51:00', 0], ['Arras', '17:06:00', 0, '17:18:00', 0], ['Paris Gare du Nord', '18:08:00', 0, 0, 0]]",Valenciennes,Paris Gare du Nord,7130.0
OCESN7693F2897179:2024-09-17T00:20:00Z,20240917,16:16:00,19:30:00,"[['Paris Est', 0, 0, '16:46:00', 1800], ['Metz', '18:11:00', 1800, '18:34:00', 1800], ['Strasbourg', '19:30:00', 1800, 0, 0]]",Paris Est,Strasbourg,7693.0
OCESN9777F3131397:2024-09-17T00:20:00Z,20240917,16:17:00,20:19:00,"[['Paris Gare de Lyon Hall 1 - 2', 0, 0, '16:17:00', 0], ['Bourg-en-Bresse', '18:14:00', 300, '18:17:00', 300], ['Bellegarde', '19:05:00', 300, '19:08:00', 300], ['Geneve', '19:34:00', 300, '19:44:00', 300], ['Lausanne', '20:19:00', 300, 0, 0]]",Paris Gare de Lyon Hall 1 - 2,Lausanne,9777.0
OCESN9836F3259614:2024-09-13T00:21:10Z,20240917,16:17:00,22:07:00,"[['Bruxelles Midi', 0, 0, '16:17:00', 0], ['Lille Europe', '16:53:00', 0, '17:08:00', 300], ['Aéroport Charles de Gaulle 2 TGV', '17:59:00', 300, '18:05:00', 300], ['Marne-la-Vallée Chessy', '18:14:00', 300, '18:18:00', 300], ['Lyon Part Dieu', '20:05:00', 300, '20:15:00', 300], ['Valence TGV Rhône-Alpes Sud', '20:50:00', 300, '20:55:00', 300], ['Nîmes Centre', '21:38:00', 300, '21:41:00', 300], ['Montpellier Saint-Roch', '22:07:00', 300, 0, 0]]",Bruxelles Midi,Montpellier Saint-Roch,9836.0
OCESN8488F3155136:2024-09-14T00:20:37Z,20240917,16:18:00,19:45:00,"[['Bordeaux Saint-Jean', 0, 0, '16:18:00', 0], ['Libourne', '16:39:00', 0, '16:42:00', 0], ['Angoulême', '17:23:00', 0, '17:26:00', 0], ['Poitiers', '18:04:00', 0, '18:09:00', 0], ['Châtellerault', '18:26:00', 0, '18:29:00', 0], ['Paris Montparnasse Hall 1 - 2', '19:45:00', 0, 0, 0]]",Bordeaux Saint-Jean,Paris Montparnasse Hall 1 - 2,8488.0
OCESN9219F3132292:2024-06-01T00:26:22Z,20240917,16:21:00,20:51:00,"[['Paris Gare de Lyon Hall 1 - 2', 0, 0, '16:41:00', 1200], ['Belfort - Montbéliard TGV', '19:03:00', 1500, '19:06:00', 1500], ['Mulhouse', '19:28:00', 1500, '19:31:00', 1500], ['Basel SBB', '19:51:00', 1500, '19:58:00', 1500], ['Zuerich HB', '20:51:00', 1500, 0, 0]]",Paris Gare de Lyon Hall 1 - 2,Zuerich HB,9219.0
OCESN9270F3131454:2024-08-02T00:28:48Z,20240917,16:23:00,20:04:00,"[['Lausanne', 0, 0, '16:23:00', 0], ['Vallorbe', '16:57:00', 0, '17:00:00', 0], ['Frasne', '17:16:00', 0, '17:18:00', 0], ['Dijon', '18:22:00', 0, '18:26:00', 0], ['Paris Gare de Lyon Hall 1 - 2', '20:04:00', 0, 0, 0]]",Lausanne,Paris Gare de Lyon Hall 1 - 2,9270.0
OCESN2544F3119544:2024-09-17T00:20:00Z,20240917,16:24:00,18:03:00,"[['Nancy', 0, 0, '16:24:00', 0], ['Champagne-Ardenne TGV', '17:18:00', 0, '17:21:00', 0], ['Paris Est', '18:03:00', 0, 0, 0]]",Nancy,Paris Est,2544.0
OCESN9776F3131398:2024-09-17T00:20:00Z,20240917,16:24:00,19:44:00,"[['Geneve', 0, 0, '16:24:00', 0], ['Bellegarde', '16:54:00', 0, '17:02:00', 0], ['Bourg-en-Bresse', '17:49:00', 0, '17:52:00', 0], ['Paris Gare de Lyon Hall 1 - 2', '19:44:00', 0, 0, 0]]",Geneve,Paris Gare de Lyon Hall 1 - 2,9776.0
OCESN8074F3164114:2024-09-17T00:20:00Z,20240917,16:31:00,18:48:00,"[['Rennes', 0, 0, '16:31:00', 0], ['Vitré', '16:55:00', 0, '16:57:00', 0], ['Laval', '17:14:00', 0, '17:17:00', 0], ['Le Mans', '17:46:00', 0, '17:49:00', 0], ['Paris Montparnasse Hall 1 - 2', '18:48:00', 0, 0, 0]]",Rennes,Paris Montparnasse Hall 1 - 2,8074.0
OCESN8313F2586017:2024-09-17T00:20:00Z,20240917,16:31:00,17:44:00,"[['Paris Montparnasse Hall 1 - 2', 0, 0, '16:31:00', 0], ['Vendôme - Villiers-sur-Loir', '17:13:00', 0, '17:16:00', 0], ['Saint-Pierre-des-Corps', '17:35:00', 0, '17:38:00', 0], ['Tours', '17:44:00', 0, 0, 0]]",Paris Montparnasse Hall 1 - 2,Tours,8313.0
OCESN8030F3091012:2024-09-15T00:19:40Z,20240917,16:35:00,18:10:00,"[['Rennes', 0, 0, '16:40:00', 300], ['Paris Montparnasse Hall 1 - 2', '18:10:00', 300, 0, 0]]",Rennes,Paris Montparnasse Hall 1 - 2,8030.0
OCESN6121F3160069:2024-09-17T00:20:00Z,20240917,16:38:00,19:56:00,"[['Paris Gare de Lyon Hall 1 - 2', 0, 0, '16:38:00', 0], ['Avignon TGV', '19:17:00', 0, '19:20:00', 0], ['Aix-en-Provence TGV', '19:41:00', 0, '19:44:00', 0], ['Marseille Saint-Charles', '19:56:00', 0, 0, 0]]",Paris Gare de Lyon Hall 1 - 2,Marseille Saint-Charles,6121.0
OCESN8881F3085818:2024-09-16T00:23:36Z,20240917,16:39:00,18:54:00,"[['Paris Montparnasse Hall 1 - 2', 0, 0, '16:39:00', 0], ['Le Mans', '17:33:00', 0, '17:36:00', 0], ['Angers Saint-Laud', '18:14:00', 0, '18:17:00', 0], ['Nantes', '18:54:00', 0, 0, 0]]",Paris Montparnasse Hall 1 - 2,Nantes,8881.0
OCESN5358F3088134:2024-09-17T00:20:00Z,20240917,16:41:00,23:10:00,"[['Montpellier Sud de France', 0, 0, '16:41:00', 0], ['Nîmes Pont du Gard', '16:59:00', 0, '17:02:00', 0], ['Valence TGV Rhône-Alpes Sud', '17:39:00', 0, '17:44:00', 0], ['Lyon Part Dieu', '18:19:00', 0, '18:30:00', 0], ['Massy TGV', '20:32:00', 0, '20:40:00', 0], ['Saint-Pierre-des-Corps', '21:32:00', 0, '21:36:00', 0], ['Saumur', '22:06:00', 0, '22:09:00', 0], ['Angers Saint-Laud', '22:30:00', 0, '22:33:00', 0], ['Nantes', '23:10:00', 0, 0, 0]]",Montpellier Sud de France,Nantes,5358.0
OCESN6696F3158287:2024-09-14T00:20:37Z,20240917,16:44:00,19:39:00,"[['Saint-Étienne Châteaucreux', 0, 0, '16:44:00', 0], ['Lyon Part Dieu', '17:30:00', 300, '17:43:00', 300], ['Paris Gare de Lyon Hall 1 - 2', '19:39:00', 300, 0, 0]]",Saint-Étienne Châteaucreux,Paris Gare de Lyon Hall 1 - 2,6696.0
OCESN7832F3159309:2024-07-04T00:34:03Z,20240917,16:44:00,20:18:00,"[['Marseille Saint-Charles', 0, 0, '16:44:00', 0], ['Avignon TGV', '17:15:00', 0, '17:18:00', 0], ['Lyon Saint-Exupéry TGV', '18:11:00', 0, '18:15:00', 0], ['Marne-la-Vallée Chessy', '20:03:00', 0, '20:08:00', 0], ['Aéroport Charles de Gaulle 2 TGV', '20:18:00', 0, 0, 0]]",Marseille Saint-Charles,Aéroport Charles de Gaulle 2 TGV,7832.0
OCESN2362F3166332:2024-09-17T00:20:00Z,20240917,16:45:00,19:10:00,"[['Colmar', 0, 0, '16:45:00', 0], ['Strasbourg', '17:18:00', 300, '17:24:00', 300], ['Paris Est', '19:10:00', 300, 0, 0]]",Colmar,Paris Est,2362.0
OCESN7053F3162659:2024-09-16T00:23:36Z,20240917,16:46:00,17:48:00,"[['Paris Gare du Nord', 0, 0, '16:46:00', 0], ['Lille Flandres', '17:48:00', 0, 0, 0]]",Paris Gare du Nord,Lille Flandres,7053.0
OCESN6922F3132559:2024-09-17T00:20:00Z,20240917,16:47:00,19:48:00,"[['Grenoble', 0, 0, '16:47:00', 0], ['Lyon Saint-Exupéry TGV', '17:49:00', 0, '17:54:00', 0], ['Paris Gare de Lyon Hall 1 - 2', '19:48:00', 0, 0, 0]]",Grenoble,Paris Gare de Lyon Hall 1 - 2,6922.0
OCESN6626F3159952:2024-09-17T00:20:00Z,20240917,16:50:00,19:25:00,"[['Lyon Perrache', 0, 0, '17:15:00', 1500], ['Lyon Part Dieu', '17:23:00', 1500, '17:29:00', 1500], ['Paris Gare de Lyon Hall 1 - 2', '19:25:00', 1500, 0, 0]]",Lyon Perrache,Paris Gare de Lyon Hall 1 - 2,6626.0
OCESN6745F3133972:2024-09-17T00:20:00Z,20240917,16:52:00,19:26:00,"[['Paris Gare de Lyon Hall 1 - 2', 0, 0, '16:52:00', 0], ['Montbard', '17:58:00', 300, '18:01:00', 300], ['Dijon', '18:32:00', 0, '18:36:00', 0], ['Dole', '18:59:00', 0, '19:02:00', 0], ['Besançon Viotte', '19:26:00', 0, 0, 0]]",Paris Gare de Lyon Hall 1 - 2,Besançon Viotte,6745.0
OCESN7377F2819373:2024-09-15T00:19:40Z,20240917,16:52:00,19:04:00,"[['Paris Gare du Nord', 0, 0, '16:52:00', 0], ['Arras', '17:40:00', 0, '17:50:00', 0], ['Lens', '18:02:00', 0, '18:05:00', 0], ['Béthune', '18:16:00', 0, '18:19:00', 0], ['Hazebrouck', '18:39:00', 0, '18:42:00', 0], ['Dunkerque', '19:04:00', 0, 0, 0]]",Paris Gare du Nord,Dunkerque,7377.0
OCESN7577F3241083:2024-09-15T00:19:40Z,20240917,16:52:00,19:14:00,"[['Paris Gare du Nord', 0, 0, '16:52:00', 0], ['Arras', '17:40:00', 0, '17:44:00', 0], ['Lille Europe', '18:07:00', 0, '18:15:00', 0], ['Calais - Fréthun', '18:43:00', 0, '18:54:00', 0], ['Boulogne sur Mer', '19:14:00', 0, 0, 0]]",Paris Gare du Nord,Boulogne sur Mer,7577.0
OCESN8926F3157409:2024-09-14T00:20:37Z,20240917,16:55:00,20:26:00,"[['Le Croisic', 0, 0, '16:55:00', 0], ['La Baule-Escoublac', '17:03:00', 0, '17:07:00', 0], ['Saint-Nazaire', '17:21:00', 0, '17:24:00', 0], ['Nantes', '17:59:00', 0, '18:05:00', 0], ['Angers Saint-Laud', '18:41:00', 0, '18:44:00', 0], ['Sablé-sur-Sarthe', '19:04:00', 0, '19:06:00', 0], ['Le Mans', '19:27:00', 0, '19:30:00', 0], ['Paris Montparnasse Hall 1 - 2', '20:26:00', 0, 0, 0]]",Le Croisic,Paris Montparnasse Hall 1 - 2,8926.0
OCESN9838F3095502:2024-09-17T00:20:00Z,20240917,16:55:00,21:29:00,"[['Bruxelles Midi', 0, 0, '16:55:00', 0], ['Lille Europe', '17:29:00', 0, '17:39:00', 0], ['TGV Haute Picardie', '18:05:00', 0, '18:08:00', 0], ['Aéroport Charles de Gaulle 2 TGV', '18:38:00', 0, '18:47:00', 0], ['Marne-la-Vallée Chessy', '18:56:00', 0, '19:02:00', 0], ['Massy TGV', '19:34:00', 0, '19:42:00', 0], ['Le Mans', '20:30:00', 0, '20:33:00', 0], ['Laval', '21:03:00', 0, '21:06:00', 0], ['Rennes', '21:29:00', 0, 0, 0]]",Bruxelles Midi,Rennes,9838.0
OCESN6223F3162812:2024-09-17T00:20:00Z,20240917,16:56:00,20:29:00,"[['Paris Gare de Lyon Hall 1 - 2', 0, 0, '16:56:00', 0], ['Valence TGV Rhône-Alpes Sud', '19:06:00', 0, '19:16:00', 0], ['Nîmes Centre', '19:59:00', 0, '20:03:00', 0], ['Montpellier Saint-Roch', '20:29:00', 0, 0, 0]]",Paris Gare de Lyon Hall 1 - 2,Montpellier Saint-Roch,6223.0
OCESN6277F3348273:2024-09-15T00:19:40Z,20240917,16:56:00,21:58:00,"[['Paris Gare de Lyon Hall 1 - 2', 0, 0, '16:56:00', 0], ['Valence TGV Rhône-Alpes Sud', '19:06:00', 0, '19:12:00', 0], ['Nîmes Pont du Gard', '19:49:00', 0, '19:52:00', 0], ['Montpellier Sud de France', '20:11:00', 0, '20:17:00', 0], ['Sète', '20:31:00', 0, '20:34:00', 0], ['Agde', '20:47:00', 0, '20:50:00', 0], ['Béziers', '21:02:00', 0, '21:05:00', 0], ['Narbonne', '21:18:00', 0, '21:21:00', 0], ['Perpignan', '21:58:00', 0, 0, 0]]",Paris Gare de Lyon Hall 1 - 2,Perpignan,6277.0
OCESN7882F2982232:2024-09-17T00:20:00Z,20240917,16:57:00,22:32:00,"[['Perpignan', 0, 0, '17:12:00', 900], ['Narbonne', '17:46:00', 600, '17:49:00', 600], ['Béziers', '18:02:00', 600, '18:05:00', 600], ['Agde', '18:17:00', 600, '18:20:00', 600], ['Sète', '18:33:00', 600, '18:36:00', 600], ['Montpellier Saint-Roch', '18:55:00', 600, '19:00:00', 600], ['Nîmes Centre', '19:26:00', 600, '19:30:00', 600], ['Lyon Saint-Exupéry TGV', '20:32:00', 600, '20:35:00', 600], ['Paris Gare de Lyon Hall 1 - 2', '22:32:00', 600, 0, 0]]",Perpignan,Paris Gare de Lyon Hall 1 - 2,7882.0
OCESN8629F3132586:2024-09-16T00:23:36Z,20240917,16:57:00,20:43:00,"[['Paris Montparnasse Hall 1 - 2', 0, 0, '16:57:00', 0], ['Rennes', '18:25:00', 0, '18:33:00', 0], ['Saint-Brieuc', '19:17:00', 0, '19:20:00', 0], ['Guingamp', '19:34:00', 0, '19:36:00', 0], ['Morlaix', '20:05:00', 0, '20:08:00', 0], ['Brest', '20:43:00', 0, 0, 0]]",Paris Montparnasse Hall 1 - 2,Brest,8629.0
OCESN8729F3135635:2024-09-16T00:23:36Z,20240917,16:57:00,20:34:00,"[['Paris Montparnasse Hall 1 - 2', 0, 0, '16:57:00', 0], ['Rennes', '18:25:00', 0, '18:29:00', 0], ['Vannes', '19:25:00', 0, '19:28:00', 0], ['Auray', '19:38:00', 0, '19:41:00', 0], ['Lorient', '19:57:00', 0, '20:00:00', 0], ['Quimper', '20:34:00', 0, 0, 0]]",Paris Montparnasse Hall 1 - 2,Quimper,8729.0
OCESN6180F3263002:2024-06-26T00:35:36Z,20240917,16:58:00,22:48:00,"[['Nice-Ville', 0, 0, '17:03:00', 300], ['Antibes', '17:27:00', 600, '17:30:00', 600], ['Cannes', '17:38:00', 600, '17:42:00', 600], ['Les Arcs - Draguignan', '18:16:00', 600, '18:19:00', 600], ['Toulon', '18:54:00', 600, '18:58:00', 600], ['Avignon TGV', '20:04:00', 600, '20:07:00', 600], ['Paris Gare de Lyon Hall 1 - 2', '22:48:00', 600, 0, 0]]",Nice-Ville,Paris Gare de Lyon Hall 1 - 2,6180.0
OCESN7660F3090832:2024-09-17T00:20:00Z,20240917,16:58:00,22:19:00,"[['Bordeaux Saint-Jean', 0, 0, '16:58:00', 0], ['Angoulême', '17:33:00', 0, '17:36:00', 0], ['Poitiers', '18:17:00', 0, '18:20:00', 0], ['Saint-Pierre-des-Corps', '18:51:00', 0, '18:56:00', 0], ['Massy TGV', '19:47:00', 0, '19:55:00', 0], ['Marne-la-Vallée Chessy', '20:27:00', 0, '20:32:00', 0], ['Aéroport Charles de Gaulle 2 TGV', '20:41:00', 0, '20:47:00', 0], ['TGV Haute Picardie', '21:16:00', 0, '21:19:00', 0], ['Lille Flandres', '21:48:00', 0, '22:03:00', 0], ['Tourcoing', '22:19:00', 0, 0, 0]]",Bordeaux Saint-Jean,Tourcoing,7660.0
OCESN8364F2587661:2024-09-16T00:23:36Z,20240917,16:59:00,19:34:00,"[['La Rochelle', 0, 0, '16:59:00', 0], ['Surgères', '17:17:00', 0, '17:20:00', 0], ['Niort', '17:38:00', 0, '17:41:00', 0], ['Paris Montparnasse Hall 1 - 2', '19:34:00', 0, 0, 0]]",La Rochelle,Paris Montparnasse Hall 1 - 2,8364.0
OCESN2752F3164818:2024-09-14T00:20:37Z,20240917,17:00:00,17:54:00,"[['Reims', 0, 0, '17:05:00', 300], ['Paris Est', '17:54:00', 300, 0, 0]]",Reims,Paris Est,2752.0
OCESN6623F2742130:2024-09-15T00:19:40Z,20240917,17:00:00,19:10:00,"[['Paris Gare de Lyon Hall 1 - 2', 0, 0, '17:00:00', 0], ['Lyon Part Dieu', '18:56:00', 0, '19:02:00', 0], ['Lyon Perrache', '19:10:00', 0, 0, 0]]",Paris Gare de Lyon Hall 1 - 2,Lyon Perrache,6623.0
OCESN6687F2762590:2024-09-17T00:20:00Z,20240917,17:00:00,19:48:00,"[['Paris Gare de Lyon Hall 1 - 2', 0, 0, '17:00:00', 0], ['Lyon Part Dieu', '18:56:00', 0, '19:06:00', 0], ['Saint-Étienne Châteaucreux', '19:48:00', 0, 0, 0]]",Paris Gare de Lyon Hall 1 - 2,Saint-Étienne Châteaucreux,6687.0
OCESN5488F2916435:2024-09-17T00:20:00Z,20240917,17:01:00,22:23:00,"[['Strasbourg', 0, 0, '17:01:00', 0], ['Lorraine TGV', '17:39:00', 0, '17:42:00', 0], ['Meuse TGV', '18:01:00', 0, '18:09:00', 0], ['Champagne-Ardenne TGV', '18:33:00', 0, '18:36:00', 0], ['Aéroport Charles de Gaulle 2 TGV', '19:06:00', 0, '19:21:00', 0], ['Marne-la-Vallée Chessy', '19:30:00', 0, '19:34:00', 0], ['Massy TGV', '20:04:00', 0, '20:12:00', 0], ['Le Mans', '21:00:00', 0, '21:03:00', 0], ['Angers Saint-Laud', '21:40:00', 0, '21:43:00', 0], ['Nantes', '22:23:00', 0, 0, 0]]",Strasbourg,Nantes,5488.0
OCESN8343F3416155:2024-09-12T00:21:23Z,20240917,17:01:00,18:35:00,"[['Paris Montparnasse Hall 1 - 2', 0, 0, '17:01:00', 0], ['Châtellerault', '18:14:00', 0, '18:17:00', 0], ['Poitiers', '18:35:00', 0, 0, 0]]",Paris Montparnasse Hall 1 - 2,Poitiers,8343.0
OCESN9894F3164353:2024-09-13T00:21:10Z,20240917,17:01:00,21:01:00,"[['Strasbourg', 0, 0, '17:01:00', 0], ['Lorraine TGV', '17:39:00', 0, '17:42:00', 0], ['Meuse TGV', '18:01:00', 0, '18:09:00', 0], ['Champagne-Ardenne TGV', '18:33:00', 0, '18:36:00', 0], ['Aéroport Charles de Gaulle 2 TGV', '19:06:00', 0, '19:12:00', 0], ['TGV Haute Picardie', '19:44:00', 0, '19:49:00', 0], ['Lille Europe', '20:16:00', 0, '20:27:00', 0], ['Bruxelles Midi', '21:01:00', 0, 0, 0]]",Strasbourg,Bruxelles Midi,9894.0
OCESN5135F3262601:2024-09-14T00:20:37Z,20240917,17:03:00,22:08:00,"[['Lille Europe', 0, 0, '17:08:00', 300], ['Aéroport Charles de Gaulle 2 TGV', '17:59:00', 300, '18:05:00', 300], ['Marne-la-Vallée Chessy', '18:14:00', 300, '18:18:00', 300], ['Lyon Part Dieu', '20:05:00', 300, '20:15:00', 300], ['Valence TGV Rhône-Alpes Sud', '20:50:00', 300, '21:00:00', 300], ['Avignon TGV', '21:31:00', 300, '21:34:00', 300], ['Aix-en-Provence TGV', '21:54:00', 300, '21:57:00', 300], ['Marseille Saint-Charles', '22:08:00', 300, 0, 0]]",Lille Europe,Marseille Saint-Charles,5135.0
OCESN5320F3160804:2024-09-17T00:20:00Z,20240917,17:04:00,21:47:00,"[['Nantes', 0, 0, '17:04:00', 0], ['Angers Saint-Laud', '17:41:00', 0, '17:44:00', 0], ['Le Mans', '18:24:00', 0, '18:30:00', 0], ['Massy TGV', '19:18:00', 0, '19:26:00', 0], ['Lyon Part Dieu', '21:30:00', 0, '21:38:00', 0], ['Lyon Perrache', '21:47:00', 0, 0, 0]]",Nantes,Lyon Perrache,5320.0
OCESN6128F3160060:2024-09-17T00:20:00Z,20240917,17:04:00,20:32:00,"[['Marseille Saint-Charles', 0, 0, '17:09:00', 300], ['Aix-en-Provence TGV', '17:25:00', 600, '17:28:00', 600], ['Avignon TGV', '17:48:00', 600, '17:51:00', 600], ['Paris Gare de Lyon Hall 1 - 2', '20:32:00', 600, 0, 0]]",Marseille Saint-Charles,Paris Gare de Lyon Hall 1 - 2,6128.0
OCESN8144F3162842:2024-09-13T00:21:10Z,20240917,17:08:00,19:16:00,"[['Nantes', 0, 0, '17:08:00', 0], ['Angers Saint-Laud', '17:45:00', 0, '17:48:00', 0], ['Paris Montparnasse Hall 1 - 2', '19:16:00', 0, 0, 0]]",Nantes,Paris Montparnasse Hall 1 - 2,8144.0
OCESN8418F2666909:2024-09-12T00:21:23Z,20240917,17:08:00,19:24:00,"[['Bordeaux Saint-Jean', 0, 0, '17:08:00', 0], ['Massy TGV', '19:10:00', 0, '19:13:00', 0], ['Paris Montparnasse Hall 1 - 2', '19:24:00', 0, 0, 0]]",Bordeaux Saint-Jean,Paris Montparnasse Hall 1 - 2,8418.0
OCESN9555F3422545:2024-09-17T00:20:00Z,20240917,17:09:00,21:37:00,"[['Paris Est', 0, 0, '17:09:00', 0], ['Sarrebruck', '18:57:00', 0, '18:59:00', 0], ['Kaiserslautern Hbf', '19:35:00', 0, '19:37:00', 0], ['Mannheim Hbf', '20:18:00', 0, '20:26:00', 0], ['Francfort sur le Main', '21:37:00', 0, 0, 0]]",Paris Est,Francfort sur le Main,9555.0
OCESN12267F3090729:2024-09-14T00:20:37Z,20240917,17:11:00,19:14:00,"[['Paris Montparnasse Hall 1 - 2', 0, 0, '17:11:00', 0], ['Bordeaux Saint-Jean', '19:14:00', 0, 0, 0]]",Paris Montparnasse Hall 1 - 2,Bordeaux Saint-Jean,12267.0
OCESN8517F3087988:2024-09-17T00:20:00Z,20240917,17:11:00,21:36:00,"[['Paris Montparnasse Hall 1 - 2', 0, 0, '17:11:00', 0], ['Bordeaux Saint-Jean', '19:14:00', 0, '19:20:00', 0], ['Agen', '20:23:00', 0, '20:26:00', 0], ['Montauban Ville Bourbon', '21:05:00', 0, '21:08:00', 0], ['Toulouse Matabiau', '21:36:00', 0, 0, 0]]",Paris Montparnasse Hall 1 - 2,Toulouse Matabiau,8517.0
OCESN5182F3133440:2024-07-31T00:26:32Z,20240917,17:12:00,22:08:00,"[['Montpellier Sud de France', 0, 0, '17:12:00', 0], ['Nîmes Pont du Gard', '17:30:00', 0, '17:33:00', 0], ['Valence TGV Rhône-Alpes Sud', '18:10:00', 0, '18:15:00', 0], ['Lyon Part Dieu', '18:50:00', 0, '19:10:00', 600], ['Marne-la-Vallée Chessy', '20:58:00', 600, '21:02:00', 600], ['Aéroport Charles de Gaulle 2 TGV', '21:12:00', 600, '21:17:00', 600], ['Lille Europe', '22:08:00', 600, 0, 0]]",Montpellier Sud de France,Lille Europe,5182.0
OCESN6923F3136018:2024-09-17T00:20:00Z,20240917,17:12:00,20:13:00,"[['Paris Gare de Lyon Hall 1 - 2', 0, 0, '17:12:00', 0], ['Lyon Saint-Exupéry TGV', '19:10:00', 300, '19:15:00', 300], ['Grenoble', '20:13:00', 0, 0, 0]]",Paris Gare de Lyon Hall 1 - 2,Grenoble,6923.0
OCESN7060F3317805:2024-09-16T00:23:36Z,20240917,17:12:00,18:14:00,"[['Lille Flandres', 0, 0, '17:12:00', 0], ['Paris Gare du Nord', '18:14:00', 0, 0, 0]]",Lille Flandres,Paris Gare du Nord,7060.0
OCESN9882F3131377:2024-07-31T00:26:32Z,20240917,17:12:00,22:53:00,"[['Marseille Saint-Charles', 0, 0, '17:12:00', 0], ['Aix-en-Provence TGV', '17:33:00', 600, '17:36:00', 600], ['Avignon TGV', '17:56:00', 600, '17:59:00', 600], ['Lyon Part Dieu', '19:04:00', 600, '19:10:00', 600], ['Marne-la-Vallée Chessy', '20:58:00', 600, '21:02:00', 600], ['Aéroport Charles de Gaulle 2 TGV', '21:12:00', 600, '21:17:00', 600], ['Lille Europe', '22:08:00', 600, '22:19:00', 600], ['Bruxelles Midi', '22:53:00', 600, 0, 0]]",Marseille Saint-Charles,Bruxelles Midi,9882.0
OCESN2515F3158729:2024-09-13T00:21:10Z,20240917,17:13:00,18:44:00,"[['Paris Est', 0, 0, '17:13:00', 0], ['Nancy', '18:44:00', 0, 0, 0]]",Paris Est,Nancy,2515.0
OCESN7057F355360:2024-09-15T00:19:40Z,20240917,17:15:00,18:18:00,"[['Paris Gare du Nord', 0, 0, '17:15:00', 0], ['Lille Flandres', '18:18:00', 0, 0, 0]]",Paris Gare du Nord,Lille Flandres,7057.0
OCESN8067F3134538:2024-09-16T00:23:36Z,20240917,17:15:00,19:09:00,"[['Paris Montparnasse Hall 1 - 2', 0, 0, '17:15:00', 0], ['Le Mans', '18:10:00', 0, '18:13:00', 0], ['Laval', '18:41:00', 0, '18:44:00', 0], ['Rennes', '19:09:00', 0, 0, 0]]",Paris Montparnasse Hall 1 - 2,Rennes,8067.0
OCESN5240F3139899:2024-09-17T00:20:00Z,20240917,17:16:00,22:02:00,"[['Lille Flandres', 0, 0, '17:16:00', 0], ['Aéroport Charles de Gaulle 2 TGV', '18:10:00', 0, '18:18:00', 0], ['Marne-la-Vallée Chessy', '18:27:00', 0, '18:32:00', 0], ['Massy TGV', '19:04:00', 0, '19:12:00', 0], ['Saint-Pierre-des-Corps', '20:03:00', 0, '20:07:00', 0], ['Poitiers', '20:39:00', 0, '20:42:00', 0], ['Angoulême', '21:22:00', 0, '21:25:00', 0], ['Bordeaux Saint-Jean', '22:02:00', 0, 0, 0]]",Lille Flandres,Bordeaux Saint-Jean,5240.0
OCESN7134F3338522:2024-09-15T00:19:40Z,20240917,17:16:00,19:09:00,"[['Valenciennes', 0, 0, '17:16:00', 0], ['Douai', '17:40:00', 0, '17:51:00', 0], ['Arras', '18:06:00', 0, '18:18:00', 0], ['Paris Gare du Nord', '19:09:00', 0, 0, 0]]",Valenciennes,Paris Gare du Nord,7134.0
OCESN8318F3092283:2024-09-14T00:20:37Z,20240917,17:17:00,18:36:00,"[['Tours', 0, 0, '17:17:00', 0], ['Saint-Pierre-des-Corps', '17:22:00', 0, '17:28:00', 0], ['Vendôme - Villiers-sur-Loir', '17:46:00', 0, '17:49:00', 0], ['Paris Montparnasse Hall 1 - 2', '18:36:00', 0, 0, 0]]",Tours,Paris Montparnasse Hall 1 - 2,8318.0
OCESN2062F3333756:2024-09-17T00:20:00Z,20240917,17:19:00,19:10:00,"[['Strasbourg', 0, 0, '17:24:00', 300], ['Paris Est', '19:10:00', 300, 0, 0]]",Strasbourg,Paris Est,2062.0
OCESN8344F3292494:2024-09-14T00:20:37Z,20240917,17:19:00,18:57:00,"[['Poitiers', 0, 0, '17:19:00', 0], ['Saint-Pierre-des-Corps', '17:52:00', 0, '17:56:00', 0], ['Paris Montparnasse Hall 1 - 2', '18:57:00', 0, 0, 0]]",Poitiers,Paris Montparnasse Hall 1 - 2,8344.0
OCESN8516F3100541:2024-07-09T00:30:04Z,20240917,17:19:00,21:54:00,"[['Toulouse Matabiau', 0, 0, '17:19:00', 0], ['Montauban Ville Bourbon', '17:54:00', 300, '17:57:00', 300], ['Agen', '18:36:00', 300, '18:39:00', 300], ['Bordeaux Saint-Jean', '19:45:00', 300, '19:51:00', 300], ['Paris Montparnasse Hall 1 - 2', '21:54:00', 300, 0, 0]]",Toulouse Matabiau,Paris Montparnasse Hall 1 - 2,8516.0
OCESN8642F3138035:2024-09-14T00:20:37Z,20240917,17:19:00,21:04:00,"[['Brest', 0, 0, '17:19:00', 0], ['Morlaix', '17:49:00', 0, '17:52:00', 0], ['Guingamp', '18:20:00', 0, '18:23:00', 0], ['Saint-Brieuc', '18:38:00', 0, '18:41:00', 0], ['Rennes', '19:29:00', 0, '19:35:00', 0], ['Paris Montparnasse Hall 1 - 2', '21:04:00', 0, 0, 0]]",Brest,Paris Montparnasse Hall 1 - 2,8642.0
OCESN6181F3087107:2024-09-11T00:21:43Z,20240917,17:22:00,21:37:00,"[['Paris Gare de Lyon Hall 1 - 2', 0, 0, '17:22:00', 0], ['Aix-en-Provence TGV', '20:17:00', 0, '20:20:00', 0], ['Marseille Saint-Charles', '20:32:00', 0, '20:48:00', 0], ['Toulon', '21:37:00', 0, 0, 0]]",Paris Gare de Lyon Hall 1 - 2,Toulon,6181.0
OCESN6198F3139731:2024-09-17T00:20:00Z,20240917,17:22:00,21:56:00,"[['Miramas', 0, 0, '17:37:00', 900], ['Arles', '17:55:00', 900, '17:58:00', 900], ['Avignon Centre', '18:15:00', 900, '18:18:00', 900], ['Orange', '18:27:00', 600, '18:30:00', 600], ['Montélimar', '18:55:00', 600, '18:58:00', 600], ['Valence Ville', '19:20:00', 600, '19:23:00', 600], ['Lyon Saint-Exupéry TGV', '19:52:00', 600, '20:04:00', 600], ['Paris Gare de Lyon Hall 1 - 2', '21:56:00', 600, 0, 0]]",Miramas,Paris Gare de Lyon Hall 1 - 2,6198.0
OCESN8817F2313312:2024-09-15T00:19:40Z,20240917,17:23:00,19:20:00,"[['Paris Montparnasse Hall 1 - 2', 0, 0, '17:23:00', 0], ['Nantes', '19:20:00', 0, 0, 0]]",Paris Montparnasse Hall 1 - 2,Nantes,8817.0
OCESN2061F3438185:2024-09-17T00:20:00Z,20240917,17:24:00,19:11:00,"[['Paris Est', 0, 0, '17:24:00', 0], ['Strasbourg', '19:11:00', 0, 0, 0]]",Paris Est,Strasbourg,2061.0
OCESN9591F3437074:2024-09-17T00:20:00Z,20240917,17:24:00,20:26:00,"[['Paris Est', 0, 0, '17:24:00', 0], ['Strasbourg', '19:11:00', 0, '19:18:00', 0], ['Offenburg', '19:39:00', 0, '19:43:00', 0], ['Lahr (Schwarzw)', '19:54:00', 0, '19:55:00', 0], ['Ringsheim', '20:02:00', 0, '20:03:00', 0], ['Freiburg (Breisgau) Hbf', '20:26:00', 0, 0, 0]]",Paris Est,Freiburg (Breisgau) Hbf,9591.0
OCESN6663F3159945:2024-09-15T00:19:40Z,20240917,17:26:00,19:36:00,"[['Paris Gare de Lyon Hall 1 - 2', 0, 0, '17:26:00', 0], ['Lyon Part Dieu', '19:22:00', 0, '19:28:00', 0], ['Lyon Perrache', '19:36:00', 0, 0, 0]]",Paris Gare de Lyon Hall 1 - 2,Lyon Perrache,6663.0
OCESN8365F2666738:2024-09-13T00:21:10Z,20240917,17:27:00,20:00:00,"[['Paris Montparnasse Hall 1 - 2', 0, 0, '17:27:00', 0], ['Niort', '19:20:00', 0, '19:23:00', 0], ['La Rochelle', '20:00:00', 0, 0, 0]]",Paris Montparnasse Hall 1 - 2,La Rochelle,8365.0
OCESN2680F3378284:2024-09-17T00:20:00Z,20240917,17:28:00,19:01:00,"[['Metz', 0, 0, '17:28:00', 0], ['Champagne-Ardenne TGV', '18:16:00', 0, '18:19:00', 0], ['Paris Est', '19:01:00', 0, 0, 0]]",Metz,Paris Est,2680.0
OCESN2747F3171538:2024-09-17T00:20:00Z,20240917,17:28:00,18:14:00,"[['Paris Est', 0, 0, '17:28:00', 0], ['Reims', '18:14:00', 0, 0, 0]]",Paris Est,Reims,2747.0
OCESN5338F3160795:2024-09-17T00:20:00Z,20240917,17:30:00,21:47:00,"[['Rennes', 0, 0, '17:30:00', 0], ['Le Mans', '18:20:00', 0, '18:30:00', 0], ['Massy TGV', '19:18:00', 0, '19:26:00', 0], ['Lyon Part Dieu', '21:30:00', 0, '21:38:00', 0], ['Lyon Perrache', '21:47:00', 0, 0, 0]]",Rennes,Lyon Perrache,5338.0
OCESN8315F2667065:2024-09-14T00:20:37Z,20240917,17:31:00,18:48:00,"[['Paris Montparnasse Hall 1 - 2', 0, 0, '17:31:00', 0], ['Vendôme - Villiers-sur-Loir', '18:13:00', 0, '18:16:00', 0], ['Saint-Pierre-des-Corps', '18:35:00', 0, '18:42:00', 0], ['Tours', '18:48:00', 0, 0, 0]]",Paris Montparnasse Hall 1 - 2,Tours,8315.0
OCESN8355F3097481:2024-09-14T00:20:37Z,20240917,17:31:00,19:11:00,"[['Paris Montparnasse Hall 1 - 2', 0, 0, '17:31:00', 0], ['Vendôme - Villiers-sur-Loir', '18:13:00', 0, '18:16:00', 0], ['Saint-Pierre-des-Corps', '18:35:00', 0, '18:39:00', 0], ['Poitiers', '19:11:00', 0, 0, 0]]",Paris Montparnasse Hall 1 - 2,Poitiers,8355.0
OCESN7824F3132419:2024-05-04T00:34:18Z,20240917,17:32:00,20:53:00,"[['Marseille Saint-Charles', 0, 0, '17:32:00', 0], ['Aix-en-Provence TGV', '17:47:00', 0, '17:50:00', 0], ['Avignon TGV', '18:09:00', 0, '18:12:00', 0], ['Paris Gare de Lyon Hall 1 - 2', '20:53:00', 0, 0, 0]]",Marseille Saint-Charles,Paris Gare de Lyon Hall 1 - 2,7824.0
OCESN8816F1960198:2024-09-14T00:20:37Z,20240917,17:36:00,19:38:00,"[['Nantes', 0, 0, '17:36:00', 0], ['Paris Montparnasse Hall 1 - 2', '19:38:00', 0, 0, 0]]",Nantes,Paris Montparnasse Hall 1 - 2,8816.0
OCESN6123F2586811:2024-09-15T00:19:40Z,20240917,17:38:00,20:57:00,"[['Paris Gare de Lyon Hall 1 - 2', 0, 0, '17:38:00', 0], ['Avignon TGV', '20:17:00', 0, '20:20:00', 0], ['Aix-en-Provence TGV', '20:41:00', 0, '20:44:00', 0], ['Marseille Saint-Charles', '20:57:00', 0, 0, 0]]",Paris Gare de Lyon Hall 1 - 2,Marseille Saint-Charles,6123.0
OCESN6875F3159726:2024-09-16T00:23:36Z,20240917,17:38:00,21:36:00,"[['Toulouse Matabiau', 0, 0, '17:38:00', 0], ['Carcassonne', '18:23:00', 0, '18:26:00', 0], ['Narbonne', '18:54:00', 0, '18:57:00', 0], ['Béziers', '19:10:00', 0, '19:13:00', 0], ['Sète', '19:34:00', 0, '19:37:00', 0], ['Montpellier Sud de France', '19:53:00', 0, '19:57:00', 0], ['Nîmes Pont du Gard', '20:15:00', 0, '20:18:00', 0], ['Valence TGV Rhône-Alpes Sud', '20:54:00', 0, '20:57:00', 0], ['Lyon Part Dieu', '21:36:00', 0, 0, 0]]",Toulouse Matabiau,Lyon Part Dieu,6875.0
OCESN9560F3364738:2024-09-17T00:20:00Z,20240917,17:38:00,20:43:00,"[['Mannheim Hbf', 0, 0, '17:38:00', 0], ['Karlsruhe Hbf', '18:04:00', 0, '18:05:00', 0], ['Strasbourg', '18:48:00', 0, '18:57:00', 0], ['Paris Est', '20:43:00', 0, 0, 0]]",Mannheim Hbf,Paris Est,9560.0
OCESN2833F3269304:2024-07-06T00:31:25Z,20240917,17:39:00,19:52:00,"[['Paris Est', 0, 0, '17:39:00', 0], ['Metz', '19:04:00', 0, '19:10:00', 0], ['Thionville', '19:27:00', 0, '19:30:00', 0], ['Luxembourg', '19:52:00', 0, 0, 0]]",Paris Est,Luxembourg,2833.0
OCESN7616F2666526:2024-09-17T00:20:00Z,20240917,17:39:00,21:49:00,"[['Quimper', 0, 0, '17:39:00', 0], ['Lorient', '18:11:00', 0, '18:14:00', 0], ['Auray', '18:30:00', 0, '18:33:00', 0], ['Vannes', '18:43:00', 0, '18:46:00', 0], ['Rennes', '19:44:00', 0, '19:48:00', 0], ['Laval', '20:12:00', 0, '20:15:00', 0], ['Le Mans', '20:45:00', 0, '20:48:00', 0], ['Paris Montparnasse Hall 1 - 2', '21:49:00', 0, 0, 0]]",Quimper,Paris Montparnasse Hall 1 - 2,7616.0
OCESN8895F3085747:2024-09-15T00:19:40Z,20240917,17:39:00,18:33:00,"[['Paris Montparnasse Hall 1 - 2', 0, 0, '17:39:00', 0], ['Le Mans', '18:33:00', 0, 0, 0]]",Paris Montparnasse Hall 1 - 2,Le Mans,8895.0
OCESN6225F3097097:2024-09-16T00:23:36Z,20240917,17:42:00,22:58:00,"[['Paris Gare de Lyon Hall 1 - 2', 0, 0, '17:42:00', 0], ['Valence TGV Rhône-Alpes Sud', '19:55:00', 0, '19:58:00', 0], ['Nîmes Centre', '20:42:00', 0, '20:46:00', 0], ['Montpellier Saint-Roch', '21:11:00', 0, '21:17:00', 0], ['Sète', '21:33:00', 0, '21:36:00', 0], ['Agde', '21:48:00', 0, '21:51:00', 0], ['Béziers', '22:03:00', 0, '22:06:00', 0], ['Narbonne', '22:19:00', 0, '22:22:00', 0], ['Perpignan', '22:58:00', 0, 0, 0]]",Paris Gare de Lyon Hall 1 - 2,Perpignan,6225.0
OCESN8088F3164612:2024-09-14T00:20:37Z,20240917,17:42:00,20:15:00,"[['Saint-Malo', 0, 0, '17:42:00', 0], ['Dol-de-Bretagne', '17:55:00', 0, '17:58:00', 0], ['Rennes', '18:29:00', 0, '18:35:00', 0], ['Laval', '19:00:00', 0, '19:03:00', 0], ['Paris Montparnasse Hall 1 - 2', '20:15:00', 0, 0, 0]]",Saint-Malo,Paris Montparnasse Hall 1 - 2,8088.0
OCESN8451F3133277:2024-09-17T00:20:00Z,20240917,17:43:00,20:06:00,"[['Paris Montparnasse Hall 1 - 2', 0, 0, '17:43:00', 0], ['Angoulême', '19:27:00', 0, '19:30:00', 0], ['Bordeaux Saint-Jean', '20:06:00', 0, 0, 0]]",Paris Montparnasse Hall 1 - 2,Bordeaux Saint-Jean,8451.0
OCESN7061F3241458:2024-09-17T00:20:00Z,20240917,17:45:00,18:48:00,"[['Paris Gare du Nord', 0, 0, '17:45:00', 0], ['Lille Flandres', '18:48:00', 0, 0, 0]]",Paris Gare du Nord,Lille Flandres,7061.0
OCESN6949F3134960:2024-09-17T00:20:00Z,20240917,17:46:00,21:40:00,"[['Paris Gare de Lyon Hall 1 - 2', 0, 0, '17:46:00', 0], ['Mâcon - Loché TGV', '19:19:00', 0, '19:22:00', 0], ['Chambéry - Challes-les-Eaux', '20:42:00', 0, '20:56:00', 0], ['Aix-les-Bains le Revard', '21:07:00', 0, '21:10:00', 0], ['Annecy', '21:40:00', 0, 0, 0]]",Paris Gare de Lyon Hall 1 - 2,Annecy,6949.0
OCESN8420F3300229:2024-09-17T00:20:00Z,20240917,17:46:00,19:49:00,"[['Bordeaux Saint-Jean', 0, 0, '17:46:00', 0], ['Paris Montparnasse Hall 1 - 2', '19:49:00', 0, 0, 0]]",Bordeaux Saint-Jean,Paris Montparnasse Hall 1 - 2,8420.0
OCESN6708F3133706:2024-09-17T00:20:00Z,20240917,17:47:00,20:49:00,"[['Mulhouse', 0, 0, '17:47:00', 0], ['Belfort - Montbéliard TGV', '18:08:00', 0, '18:11:00', 0], ['Besançon Franche-Comté TGV', '18:32:00', 0, '18:35:00', 0], ['Dijon', '19:02:00', 0, '19:06:00', 0], ['Montbard', '19:44:00', 0, '19:47:00', 0], ['Paris Gare de Lyon Hall 1 - 2', '20:49:00', 0, 0, 0]]",Mulhouse,Paris Gare de Lyon Hall 1 - 2,6708.0
OCESN6628F3132607:2024-05-04T00:34:18Z,20240917,17:50:00,20:08:00,"[['Lyon Perrache', 0, 0, '17:50:00', 0], ['Lyon Part Dieu', '17:58:00', 0, '18:04:00', 0], ['Le Creusot-TGV', '18:44:00', 0, '18:47:00', 0], ['Paris Gare de Lyon Hall 1 - 2', '20:08:00', 0, 0, 0]]",Lyon Perrache,Paris Gare de Lyon Hall 1 - 2,6628.0
OCESN6627F3132740:2024-05-04T00:34:18Z,20240917,17:51:00,20:10:00,"[['Paris Gare de Lyon Hall 1 - 2', 0, 0, '17:51:00', 0], ['Le Creusot-TGV', '19:11:00', 0, '19:14:00', 0], ['Lyon Part Dieu', '19:56:00', 0, '20:02:00', 0], ['Lyon Perrache', '20:10:00', 0, 0, 0]]",Paris Gare de Lyon Hall 1 - 2,Lyon Perrache,6627.0
OCESN7181F3300814:2024-09-15T00:19:40Z,20240917,17:51:00,19:34:00,"[['Paris Gare du Nord', 0, 0, '17:51:00', 0], ['Arras', '18:40:00', 0, '18:44:00', 0], ['Douai', '18:58:00', 0, '19:09:00', 0], ['Valenciennes', '19:34:00', 0, 0, 0]]",Paris Gare du Nord,Valenciennes,7181.0
OCESN7581F3335298:2024-09-15T00:19:40Z,20240917,17:51:00,20:41:00,"[['Paris Gare du Nord', 0, 0, '17:51:00', 0], ['Arras', '18:40:00', 0, '18:48:00', 0], ['Lille Europe', '19:08:00', 0, '19:15:00', 0], ['Calais - Fréthun', '19:43:00', 0, '19:54:00', 0], ['Boulogne sur Mer', '20:12:00', 0, '20:15:00', 0], ['Étaples - Le Touquet', '20:30:00', 0, '20:33:00', 0], ['Rang-du-Fliers - Verton - Berck', '20:41:00', 0, 0, 0]]",Paris Gare du Nord,Rang-du-Fliers - Verton - Berck,7581.0
OCESN8905F3134109:2024-09-17T00:20:00Z,20240917,17:51:00,20:35:00,"[['Paris Montparnasse Hall 1 - 2', 0, 0, '17:51:00', 0], ['Angers Saint-Laud', '19:14:00', 0, '19:17:00', 0], ['Nantes', '19:54:00', 0, '20:00:00', 0], ['Saint-Nazaire', '20:35:00', 0, 0, 0]]",Paris Montparnasse Hall 1 - 2,Saint-Nazaire,8905.0
OCESN6260F3132876:2024-05-04T00:34:18Z,20240917,17:52:00,21:05:00,"[['Montpellier Sud de France', 0, 0, '17:52:00', 0], ['Nîmes Pont du Gard', '18:10:00', 0, '18:13:00', 0], ['Valence TGV Rhône-Alpes Sud', '18:50:00', 0, '18:53:00', 0], ['Paris Gare de Lyon Hall 1 - 2', '21:05:00', 0, 0, 0]]",Montpellier Sud de France,Paris Gare de Lyon Hall 1 - 2,6260.0
OCESN9579F3372129:2024-09-17T00:20:00Z,20240917,17:52:00,21:04:00,"[['Paris Est', 0, 0, '17:52:00', 0], ['Strasbourg', '19:38:00', 0, '19:42:00', 0], ['Karlsruhe Hbf', '20:25:00', 0, '20:28:00', 0], ['Stuttgart Hbf', '21:04:00', 0, 0, 0]]",Paris Est,Stuttgart Hbf,9579.0
OCESN6866F3173632:2024-09-17T00:20:00Z,20240917,17:54:00,20:54:00,"[['Toulon', 0, 0, '17:54:00', 0], ['Marseille Saint-Charles', '18:53:00', 0, '19:12:00', 0], ['Aix-en-Provence TGV', '19:23:00', 0, '19:26:00', 0], ['Avignon TGV', '19:46:00', 0, '19:49:00', 0], ['Lyon Part Dieu', '20:54:00', 0, 0, 0]]",Toulon,Lyon Part Dieu,6866.0
OCESN9550F3245448:2024-09-16T00:23:36Z,20240917,17:54:00,22:52:00,"[['Francfort sur le Main', 0, 0, '17:54:00', 0], ['Mannheim Hbf', '19:36:00', 0, '19:40:00', 0], ['Kaiserslautern Hbf', '20:21:00', 0, '20:22:00', 0], ['Sarrebruck', '20:59:00', 0, '21:00:00', 0], ['Forbach', '21:09:00', 0, '21:12:00', 0], ['Paris Est', '22:52:00', 0, 0, 0]]",Francfort sur le Main,Paris Est,9550.0
OCESN8317F2666563:2024-09-15T00:19:40Z,20240917,17:55:00,19:15:00,"[['Paris Montparnasse Hall 1 - 2', 0, 0, '17:55:00', 0], ['Vendôme - Villiers-sur-Loir', '18:40:00', 0, '18:43:00', 0], ['Saint-Pierre-des-Corps', '19:07:00', 0, '19:10:00', 0], ['Tours', '19:15:00', 0, 0, 0]]",Paris Montparnasse Hall 1 - 2,Tours,8317.0
OCESN9277F3131452:2024-09-17T00:20:00Z,20240917,17:55:00,21:37:00,"[['Paris Gare de Lyon Hall 1 - 2', 0, 0, '17:55:00', 0], ['Dijon', '19:30:00', 0, '19:33:00', 0], ['Mouchard', '20:10:00', 0, '20:12:00', 0], ['Frasne', '20:40:00', 0, '20:42:00', 0], ['Vallorbe', '20:57:00', 0, '21:02:00', 0], ['Lausanne', '21:37:00', 0, 0, 0]]",Paris Gare de Lyon Hall 1 - 2,Lausanne,9277.0
OCESN6852F3152619:2024-09-14T00:20:37Z,20240917,17:57:00,22:39:00,"[['Nice-Ville', 0, 0, '17:57:00', 0], ['Antibes', '18:16:00', 0, '18:19:00', 0], ['Cannes', '18:30:00', 0, '18:34:00', 0], ['Saint-Raphaël Valescure', '18:54:00', 0, '18:57:00', 0], ['Toulon', '19:45:00', 0, '19:49:00', 0], ['Marseille Blancarde', '20:36:00', 0, '20:42:00', 0], ['Aix-en-Provence TGV', '20:55:00', 0, '20:58:00', 0], ['Avignon TGV', '21:18:00', 0, '21:21:00', 0], ['Valence TGV Rhône-Alpes Sud', '21:53:00', 0, '21:56:00', 0], ['Lyon Part Dieu', '22:39:00', 0, 0, 0]]",Nice-Ville,Lyon Part Dieu,6852.0
OCESN6206F3160012:2024-09-15T00:19:40Z,20240917,17:58:00,23:18:00,"[['Perpignan', 0, 0, '17:58:00', 0], ['Narbonne', '18:36:00', 0, '18:39:00', 0], ['Béziers', '18:52:00', 0, '18:55:00', 0], ['Agde', '19:06:00', 0, '19:09:00', 0], ['Sète', '19:22:00', 0, '19:25:00', 0], ['Montpellier Saint-Roch', '19:44:00', 0, '19:51:00', 0], ['Nîmes Centre', '20:16:00', 0, '20:20:00', 0], ['Valence TGV Rhône-Alpes Sud', '21:02:00', 0, '21:05:00', 0], ['Paris Gare de Lyon Hall 1 - 2', '23:18:00', 0, 0, 0]]",Perpignan,Paris Gare de Lyon Hall 1 - 2,6206.0
OCESN8637F3138021:2024-07-18T00:28:32Z,20240917,18:00:00,21:49:00,"[['Paris Montparnasse Hall 1 - 2', 0, 0, '18:00:00', 0], ['Rennes', '19:25:00', 0, '19:33:00', 0], ['Saint-Brieuc', '20:17:00', 0, '20:20:00', 0], ['Guingamp', '20:34:00', 0, '20:36:00', 0], ['Morlaix', '21:05:00', 0, '21:08:00', 0], ['Landerneau', '21:32:00', 0, '21:34:00', 0], ['Brest', '21:49:00', 0, 0, 0]]",Paris Montparnasse Hall 1 - 2,Brest,8637.0
OCESN8731F3138418:2024-09-17T00:20:00Z,20240917,18:00:00,21:27:00,"[['Paris Montparnasse Hall 1 - 2', 0, 0, '18:00:00', 0], ['Rennes', '19:25:00', 0, '19:29:00', 0], ['Vannes', '20:25:00', 0, '20:28:00', 0], ['Lorient', '20:51:00', 0, '20:54:00', 0], ['Quimper', '21:27:00', 0, 0, 0]]",Paris Montparnasse Hall 1 - 2,Quimper,8731.0
OCESN8586F3366989:2024-07-24T00:30:14Z,20240917,18:02:00,22:53:00,"[['Lourdes', 0, 0, '18:02:00', 0], ['Pau', '18:27:00', 0, '18:30:00', 0], ['Orthez', '18:50:00', 0, '18:53:00', 0], ['Dax', '19:20:00', 0, '19:29:00', 0], ['Bordeaux Saint-Jean', '20:42:00', 0, '20:50:00', 0], ['Paris Montparnasse Hall 1 - 2', '22:53:00', 0, 0, 0]]",Lourdes,Paris Montparnasse Hall 1 - 2,8586.0
OCESN2573F3436071:2024-09-14T00:20:37Z,20240917,18:07:00,21:05:00,"[['Paris Est', 0, 0, '18:07:00', 0], ['Meuse TGV', '19:07:00', 0, '19:09:00', 0], ['Nancy', '19:44:00', 0, '19:58:00', 0], ['Épinal', '20:40:00', 0, '20:43:00', 0], ['Remiremont', '21:05:00', 0, 0, 0]]",Paris Est,Remiremont,2573.0
OCESN2593F3161051:2024-09-17T00:20:00Z,20240917,18:07:00,20:47:00,"[['Paris Est', 0, 0, '18:07:00', 0], ['Meuse TGV', '19:07:00', 0, '19:09:00', 0], ['Nancy', '19:44:00', 0, '19:50:00', 0], ['Lunéville', '20:08:00', 0, '20:11:00', 0], ['Saint-Dié-des-Vosges', '20:47:00', 0, 0, 0]]",Paris Est,Saint-Dié-des-Vosges,2593.0
OCESN7238F3166211:2024-09-15T00:19:40Z,20240917,18:08:00,20:09:00,"[['Dunkerque', 0, 0, '18:08:00', 0], ['Lille Europe', '18:40:00', 0, '18:51:00', 0], ['Arras', '19:13:00', 0, '19:18:00', 0], ['Paris Gare du Nord', '20:09:00', 0, 0, 0]]",Dunkerque,Paris Gare du Nord,7238.0
OCESN6153F2603901:2024-09-17T00:20:00Z,20240917,18:10:00,22:11:00,"[['Paris Gare de Lyon Hall 1 - 2', 0, 0, '18:10:00', 0], ['Marseille Saint-Charles', '21:14:00', 0, '21:28:00', 0], ['Toulon', '22:11:00', 0, 0, 0]]",Paris Gare de Lyon Hall 1 - 2,Toulon,6153.0
OCESN6825F3065652:2024-09-16T00:23:36Z,20240917,18:10:00,22:23:00,"[['Lyon Part Dieu', 0, 0, '18:10:00', 0], ['Valence TGV Rhône-Alpes Sud', '18:45:00', 0, '18:50:00', 0], ['Nîmes Centre', '19:33:00', 0, '19:36:00', 0], ['Montpellier Saint-Roch', '20:01:00', 0, '20:06:00', 0], ['Sète', '20:22:00', 0, '20:25:00', 0], ['Béziers', '20:47:00', 0, '20:50:00', 0], ['Narbonne', '21:03:00', 0, '21:06:00', 0], ['Carcassonne', '21:35:00', 0, '21:38:00', 0], ['Toulouse Matabiau', '22:23:00', 0, 0, 0]]",Lyon Part Dieu,Toulouse Matabiau,6825.0
OCESN2548F3166543:2024-09-14T00:20:37Z,20240917,18:11:00,19:48:00,"[['Nancy', 0, 0, '18:11:00', 0], ['Meuse TGV', '18:44:00', 0, '18:47:00', 0], ['Paris Est', '19:48:00', 0, 0, 0]]",Nancy,Paris Est,2548.0
OCESN8551F3137174:2024-05-04T00:34:18Z,20240917,18:11:00,22:47:00,"[['Paris Montparnasse Hall 1 - 2', 0, 0, '18:11:00', 0], ['Bordeaux Saint-Jean', '20:14:00', 0, '20:20:00', 0], ['Dax', '21:30:00', 0, '21:34:00', 0], ['Bayonne', '22:03:00', 0, '22:06:00', 0], ['Biarritz', '22:16:00', 0, '22:19:00', 0], ['Saint-Jean-de-Luz - Ciboure', '22:32:00', 0, '22:34:00', 0], ['Hendaye', '22:47:00', 0, 0, 0]]",Paris Montparnasse Hall 1 - 2,Hendaye,8551.0
OCESN8592F3134808:2024-07-03T00:30:15Z,20240917,18:11:00,23:22:00,"[['Paris Montparnasse Hall 1 - 2', 0, 0, '18:11:00', 0], ['Bordeaux Saint-Jean', '20:14:00', 0, '20:20:00', 0], ['Dax', '21:30:00', 0, '21:38:00', 0], ['Orthez', '22:04:00', 0, '22:07:00', 0], ['Pau', '22:28:00', 0, '22:31:00', 0], ['Lourdes', '22:56:00', 0, '23:06:00', 0], ['Tarbes', '23:22:00', 0, 0, 0]]",Paris Montparnasse Hall 1 - 2,Tarbes,8592.0
OCESN7068F3246252:2024-09-17T00:20:00Z,20240917,18:12:00,19:14:00,"[['Lille Flandres', 0, 0, '18:12:00', 0], ['Paris Gare du Nord', '19:14:00', 0, 0, 0]]",Lille Flandres,Paris Gare du Nord,7068.0
OCESN8550F3137157:2024-09-17T00:20:00Z,20240917,18:12:00,22:53:00,"[['Hendaye', 0, 0, '18:12:00', 0], ['Saint-Jean-de-Luz - Ciboure', '18:23:00', 0, '18:25:00', 0], ['Biarritz', '18:35:00', 0, '18:38:00', 0], ['Bayonne', '18:51:00', 0, '18:54:00', 0], ['Dax', '19:24:00', 0, '19:29:00', 0], ['Bordeaux Saint-Jean', '20:42:00', 0, '20:50:00', 0], ['Paris Montparnasse Hall 1 - 2', '22:53:00', 0, 0, 0]]",Hendaye,Paris Montparnasse Hall 1 - 2,8550.0
OCESN6195F3101803:2024-09-17T00:20:00Z,20240917,18:14:00,22:34:00,"[['Paris Gare de Lyon Hall 1 - 2', 0, 0, '18:14:00', 0], ['Lyon Saint-Exupéry TGV', '20:05:00', 0, '20:14:00', 0], ['Valence Ville', '20:41:00', 0, '20:44:00', 0], ['Montélimar', '21:07:00', 0, '21:10:00', 0], ['Orange', '21:34:00', 0, '21:37:00', 0], ['Avignon Centre', '21:51:00', 0, '21:54:00', 0], ['Arles', '22:12:00', 0, '22:15:00', 0], ['Miramas', '22:34:00', 0, 0, 0]]",Paris Gare de Lyon Hall 1 - 2,Miramas,6195.0
OCESN6925F2742441:2024-09-17T00:20:00Z,20240917,18:14:00,21:13:00,"[['Paris Gare de Lyon Hall 1 - 2', 0, 0, '18:14:00', 0], ['Lyon Saint-Exupéry TGV', '20:05:00', 0, '20:10:00', 0], ['Grenoble', '21:13:00', 0, 0, 0]]",Paris Gare de Lyon Hall 1 - 2,Grenoble,6925.0
OCESN7065F3301381:2024-09-14T00:20:37Z,20240917,18:15:00,19:18:00,"[['Paris Gare du Nord', 0, 0, '18:15:00', 0], ['Lille Flandres', '19:18:00', 0, 0, 0]]",Paris Gare du Nord,Lille Flandres,7065.0
OCESN8093F3086587:2024-09-17T00:20:00Z,20240917,18:15:00,21:01:00,"[['Paris Montparnasse Hall 1 - 2', 0, 0, '18:15:00', 0], ['Laval', '19:27:00', 0, '19:30:00', 0], ['Vitré', '19:48:00', 0, '19:50:00', 0], ['Rennes', '20:10:00', 0, '20:14:00', 0], ['Dol-de-Bretagne', '20:45:00', 0, '20:48:00', 0], ['Saint-Malo', '21:01:00', 0, 0, 0]]",Paris Montparnasse Hall 1 - 2,Saint-Malo,8093.0
OCESN7674F3367208:2024-07-06T00:31:25Z,20240917,18:16:00,23:09:00,"[['Toulouse Matabiau', 0, 0, '18:16:00', 0], ['Montauban Ville Bourbon', '18:48:00', 0, '18:51:00', 0], ['Agen', '19:31:00', 0, '19:34:00', 0], ['Bordeaux Saint-Jean', '20:40:00', 0, '20:45:00', 0], ['Angoulême', '21:20:00', 0, '21:23:00', 0], ['Paris Montparnasse Hall 1 - 2', '23:09:00', 0, 0, 0]]",Toulouse Matabiau,Paris Montparnasse Hall 1 - 2,7674.0
OCESN9844F3245438:2024-09-14T00:20:37Z,20240917,18:17:00,22:18:00,"[['Bruxelles Midi', 0, 0, '18:17:00', 0], ['Lille Europe', '18:51:00', 0, '19:01:00', 0], ['Aéroport Charles de Gaulle 2 TGV', '19:54:00', 0, '20:00:00', 0], ['Marne-la-Vallée Chessy', '20:09:00', 0, '20:13:00', 0], ['Lyon Part Dieu', '22:00:00', 0, '22:10:00', 0], ['Lyon Perrache', '22:18:00', 0, 0, 0]]",Bruxelles Midi,Lyon Perrache,9844.0
OCESN9781F3071215:2024-09-16T00:23:36Z,20240917,18:18:00,21:29:00,"[['Paris Gare de Lyon Hall 1 - 2', 0, 0, '18:18:00', 0], ['Bourg-en-Bresse', '20:07:00', 0, '20:10:00', 0], ['Nurieux Gare', '20:35:00', 0, '20:38:00', 0], ['Bellegarde', '21:00:00', 0, '21:03:00', 0], ['Geneve', '21:29:00', 0, 0, 0]]",Paris Gare de Lyon Hall 1 - 2,Geneve,9781.0
OCESN2425F3384411:2024-09-17T00:20:00Z,20240917,18:22:00,20:08:00,"[['Paris Est', 0, 0, '18:22:00', 0], ['Strasbourg', '20:08:00', 0, 0, 0]]",Paris Est,Strasbourg,2425.0
OCESN5124F3133033:2024-07-31T00:26:32Z,20240917,18:22:00,22:18:00,"[['Lille Europe', 0, 0, '18:22:00', 0], ['Arras', '18:41:00', 0, '18:46:00', 0], ['TGV Haute Picardie', '19:06:00', 0, '19:15:00', 0], ['Aéroport Charles de Gaulle 2 TGV', '19:44:00', 0, '20:00:00', 0], ['Marne-la-Vallée Chessy', '20:09:00', 0, '20:13:00', 0], ['Lyon Part Dieu', '22:00:00', 0, '22:10:00', 0], ['Lyon Perrache', '22:18:00', 0, 0, 0]]",Lille Europe,Lyon Perrache,5124.0
OCESN9223F3156970:2024-09-17T00:20:00Z,20240917,18:22:00,22:26:00,"[['Paris Gare de Lyon Hall 1 - 2', 0, 0, '18:22:00', 0], ['Dijon', '19:57:00', 0, '20:01:00', 0], ['Mulhouse', '21:03:00', 0, '21:06:00', 0], ['Basel SBB', '21:26:00', 0, '21:33:00', 0], ['Zuerich HB', '22:26:00', 0, 0, 0]]",Paris Gare de Lyon Hall 1 - 2,Zuerich HB,9223.0
OCESN2454F3090807:2024-09-17T00:20:00Z,20240917,18:23:00,20:16:00,"[['Strasbourg', 0, 0, '18:23:00', 0], ['Champagne-Ardenne TGV', '19:31:00', 0, '19:34:00', 0], ['Paris Est', '20:16:00', 0, 0, 0]]",Strasbourg,Paris Est,2454.0
OCESN8821F2587049:2024-05-04T00:34:18Z,20240917,18:23:00,20:19:00,"[['Paris Montparnasse Hall 1 - 2', 0, 0, '18:23:00', 0], ['Nantes', '20:19:00', 0, 0, 0]]",Paris Montparnasse Hall 1 - 2,Nantes,8821.0
OCESN9780F3156641:2024-09-16T00:23:36Z,20240917,18:24:00,21:42:00,"[['Geneve', 0, 0, '18:24:00', 0], ['Bellegarde', '18:56:00', 0, '19:02:00', 0], ['Bourg-en-Bresse', '19:49:00', 0, '19:52:00', 0], ['Paris Gare de Lyon Hall 1 - 2', '21:42:00', 0, 0, 0]]",Geneve,Paris Gare de Lyon Hall 1 - 2,9780.0
OCESN2253F3163182:2024-09-15T00:19:40Z,20240917,18:25:00,19:14:00,"[['Paris Est', 0, 0, '18:25:00', 0], ['Reims', '19:14:00', 0, 0, 0]]",Paris Est,Reims,2253.0
OCESN2751F3153127:2024-09-17T00:20:00Z,20240917,18:25:00,20:35:00,"[['Paris Est', 0, 0, '18:25:00', 0], ['Reims', '19:14:00', 0, '19:21:00', 0], ['Rethel', '19:41:00', 0, '19:43:00', 0], ['Charleville-Mézières', '20:11:00', 0, '20:20:00', 0], ['Sedan', '20:35:00', 0, 0, 0]]",Paris Est,Sedan,2751.0
OCESN6669F3159940:2024-09-14T00:20:37Z,20240917,18:26:00,20:36:00,"[['Paris Gare de Lyon Hall 1 - 2', 0, 0, '18:26:00', 0], ['Lyon Part Dieu', '20:22:00', 0, '20:28:00', 0], ['Lyon Perrache', '20:36:00', 0, 0, 0]]",Paris Gare de Lyon Hall 1 - 2,Lyon Perrache,6669.0
OCESN8391F3095250:2024-09-17T00:20:00Z,20240917,18:27:00,21:21:00,"[['Paris Montparnasse Hall 1 - 2', 0, 0, '18:27:00', 0], ['Poitiers', '19:45:00', 0, '19:49:00', 0], [""Saint-Maixent-L'École"", '20:18:00', 0, '20:21:00', 0], ['Niort', '20:37:00', 0, '20:40:00', 0], ['Surgères', '20:58:00', 0, '21:00:00', 0], ['La Rochelle', '21:21:00', 0, 0, 0]]",Paris Montparnasse Hall 1 - 2,La Rochelle,8391.0
OCESN8491F2979134:2024-09-14T00:20:37Z,20240917,18:27:00,21:42:00,"[['Paris Montparnasse Hall 1 - 2', 0, 0, '18:27:00', 0], ['Poitiers', '19:45:00', 0, '19:54:00', 0], ['Angoulême', '20:33:00', 0, '20:36:00', 0], ['Libourne', '21:17:00', 0, '21:20:00', 0], ['Bordeaux Saint-Jean', '21:42:00', 0, 0, 0]]",Paris Montparnasse Hall 1 - 2,Bordeaux Saint-Jean,8491.0
OCESN7836F3241729:2024-09-16T00:23:36Z,20240917,18:29:00,23:13:00,"[['Marseille Saint-Charles', 0, 0, '18:29:00', 0], ['Aix-en-Provence TGV', '18:40:00', 0, '18:43:00', 0], ['Avignon TGV', '19:02:00', 0, '19:05:00', 0], ['Lyon Saint-Exupéry TGV', '19:57:00', 0, '20:02:00', 0], ['Marne-la-Vallée Chessy', '21:47:00', 0, '21:51:00', 0], ['Aéroport Charles de Gaulle 2 TGV', '22:01:00', 0, '22:06:00', 0], ['Tourcoing', '23:13:00', 0, 0, 0]]",Marseille Saint-Charles,Tourcoing,7836.0
OCESN8319F2864214:2024-09-14T00:20:37Z,20240917,18:31:00,19:45:00,"[['Paris Montparnasse Hall 1 - 2', 0, 0, '18:31:00', 0], ['Vendôme - Villiers-sur-Loir', '19:13:00', 0, '19:16:00', 0], ['Saint-Pierre-des-Corps', '19:36:00', 0, '19:40:00', 0], ['Tours', '19:45:00', 0, 0, 0]]",Paris Montparnasse Hall 1 - 2,Tours,8319.0
OCESN8345F3367359:2024-09-15T00:19:40Z,20240917,18:31:00,20:32:00,"[['Paris Montparnasse Hall 1 - 2', 0, 0, '18:31:00', 0], ['Vendôme - Villiers-sur-Loir', '19:13:00', 0, '19:16:00', 0], ['Saint-Pierre-des-Corps', '19:36:00', 0, '19:44:00', 0], ['Châtellerault', '20:10:00', 0, '20:13:00', 0], ['Poitiers', '20:32:00', 0, 0, 0]]",Paris Montparnasse Hall 1 - 2,Poitiers,8345.0
OCESN9234F3132726:2024-09-17T00:20:00Z,20240917,18:34:00,22:43:00,"[['Zuerich HB', 0, 0, '18:34:00', 0], ['Basel SBB', '19:28:00', 0, '19:34:00', 0], ['Mulhouse', '19:54:00', 0, '19:57:00', 0], ['Belfort - Montbéliard TGV', '20:19:00', 0, '20:22:00', 0], ['Paris Gare de Lyon Hall 1 - 2', '22:43:00', 0, 0, 0]]",Zuerich HB,Paris Gare de Lyon Hall 1 - 2,9234.0
